/150x150-cm-single-security-site-guard-hut-for-sale/	/grp-kiosk-cabin/	301	sheet
/about-us/	/about/	301	sheet
/blog/	/	301	sheet
/blog/aberdeen-modular-kiosks/	/solutions/retail-and-food-service-kiosks/	301	sheet
/blog/aberdeen-portable-cabin-and-container/	/portable-cabin/	301	sitemap
/blog/bath-modular-kiosks/	/solutions/retail-and-food-service-kiosks/	301	sheet
/blog/bath-portable-cabin-and-container/	/portable-cabin/	301	sitemap
/blog/belfast-modular-kiosks/	/solutions/retail-and-food-service-kiosks/	301	sheet
/blog/belfast-portable-cabin-and-container/	/portable-cabin/	301	sitemap
/blog/birmingham-modular-kiosks/	/solutions/retail-and-food-service-kiosks/	301	sheet
/blog/birmingham-portable-cabin-and-container/	/portable-cabin/	301	sitemap
/blog/bradford-modular-kiosks/	/solutions/retail-and-food-service-kiosks/	301	sheet
/blog/bradford-portable-cabin-and-container/	/portable-cabin/	301	sitemap
/blog/brighton-and-hove-portable-cabin-and-container/	/portable-cabin/	301	sitemap
/blog/brighton-hove-modular-kiosks/	/solutions/retail-and-food-service-kiosks/	301	sheet
/blog/bristol-modular-kiosks/	/solutions/retail-and-food-service-kiosks/	301	sheet
/blog/cambridge-modular-kiosks/	/solutions/retail-and-food-service-kiosks/	301	sheet
/blog/cardiff-modular-kiosks/	/solutions/retail-and-food-service-kiosks/	301	sheet
/blog/cardiff-portable-cabin-and-container/	/portable-cabin/	301	sitemap
/blog/carlisle-portable-cabin-and-container/	/portable-cabin/	301	sitemap
/blog/chester-portable-cabin-and-container/	/portable-cabin/	301	sitemap
/blog/chichester-modular-kiosks/	/solutions/retail-and-food-service-kiosks/	301	sheet
/blog/chichester-portable-cabin-and-container/	/portable-cabin/	301	sitemap
/blog/coventry-portable-cabin-and-container/	/portable-cabin/	301	sitemap
/blog/custom-prefab-booths-for-industrial-facilities/	/solutions/security-gatehouses-and-access-control/	301	sheet
/blog/derby-portable-cabin-and-container/	/portable-cabin/	301	sitemap
/blog/derry-modular-kiosks/	/solutions/retail-and-food-service-kiosks/	301	sheet
/blog/derry-portable-cabin-and-container/	/portable-cabin/	301	sitemap
/blog/dundee-modular-kiosks/	/solutions/retail-and-food-service-kiosks/	301	sheet
/blog/dundee-portable-cabin-and-container/	/portable-cabin/	301	sitemap
/blog/durham-portable-cabin-and-container/	/portable-cabin/	301	sitemap
/blog/edinburgh-modular-kiosks/	/solutions/retail-and-food-service-kiosks/	301	sheet
/blog/edinburgh-portable-cabin-and-container/	/portable-cabin/	301	sitemap
/blog/ely-modular-kiosks/	/solutions/retail-and-food-service-kiosks/	301	sheet
/blog/ely-portable-cabin-and-container/	/portable-cabin/	301	sitemap
/blog/exeter-modular-kiosks/	/solutions/retail-and-food-service-kiosks/	301	sheet
/blog/exeter-portable-cabin-and-container/	/portable-cabin/	301	sitemap
/blog/glasgow-modular-kiosks/	/solutions/retail-and-food-service-kiosks/	301	sheet
/blog/glasgow-portable-cabin-and-container/	/portable-cabin/	301	sitemap
/blog/gloucester-modular-kiosks/	/solutions/retail-and-food-service-kiosks/	301	sheet
/blog/gloucester-portable-cabin-and-container/	/portable-cabin/	301	sitemap
/blog/hereford-modular-kiosks/	/solutions/retail-and-food-service-kiosks/	301	sheet
/blog/hereford-portable-cabin-and-container/	/portable-cabin/	301	sitemap
/blog/importance-of-security-booths-at-schools/	/solutions/security-gatehouses-and-access-control/	301	sheet
/blog/inverness-modular-kiosks/	/solutions/retail-and-food-service-kiosks/	301	sheet
/blog/inverness-portable-cabin-and-container/	/portable-cabin/	301	sitemap
/blog/kingston-upon-hull-modular-kiosk/	/solutions/retail-and-food-service-kiosks/	301	sheet
/blog/kingston-upon-hull-portable-cabin-and-container/	/portable-cabin/	301	sitemap
/blog/lancaster-portable-cabin-and-container/	/portable-cabin/	301	sitemap
/blog/leeds-portable-cabin-and-container/	/portable-cabin/	301	sitemap
/blog/leicester-modular-kiosks/	/solutions/retail-and-food-service-kiosks/	301	sheet
/blog/leicester-portable-cabin-and-container/	/portable-cabin/	301	sitemap
/blog/lichfield-modular-kiosks/	/solutions/retail-and-food-service-kiosks/	301	sheet
/blog/lincoln-modular-kiosks/	/solutions/retail-and-food-service-kiosks/	301	sheet
/blog/lincoln-portable-cabin-and-container/	/portable-cabin/	301	sitemap
/blog/lisburn-modular-kiosks/	/solutions/retail-and-food-service-kiosks/	301	sheet
/blog/lisburn-portable-cabin-and-container/	/portable-cabin/	301	sitemap
/blog/liverpool-modular-kiosks/	/solutions/retail-and-food-service-kiosks/	301	sheet
/blog/liverpool-portable-cabin-and-container/	/portable-cabin/	301	sitemap
/blog/london-modular-kiosks/	/solutions/retail-and-food-service-kiosks/	301	sheet
/blog/london-portable-cabin-and-container/	/portable-cabin/	301	sitemap
/blog/manchester-modular-kiosks/	/solutions/retail-and-food-service-kiosks/	301	sheet
/blog/manchester-portable-cabin-and-container/	/portable-cabin/	301	sitemap
/blog/newcastle-modular-kiosks/	/solutions/retail-and-food-service-kiosks/	301	sheet
/blog/newcastle-portable-cabin-and-container/	/portable-cabin/	301	sitemap
/blog/newport-modular-kiosks/	/solutions/retail-and-food-service-kiosks/	301	sheet
/blog/newport-portable-cabin-and-container/	/portable-cabin/	301	sitemap
/blog/newry-modular-kiosks/	/solutions/retail-and-food-service-kiosks/	301	sheet
/blog/norwich-modular-kiosks/	/solutions/retail-and-food-service-kiosks/	301	sheet
/blog/norwich-portable-cabin-and-container/	/portable-cabin/	301	sitemap
/blog/nottingham-modular-kiosks/	/solutions/retail-and-food-service-kiosks/	301	sheet
/blog/nottingham-portable-cabin-and-container/	/portable-cabin/	301	sitemap
/blog/oxford-modular-kiosks/	/solutions/retail-and-food-service-kiosks/	301	sheet
/blog/oxford-portable-cabin-and-container/	/portable-cabin/	301	sitemap
/blog/perth-modular-kiosks/	/solutions/retail-and-food-service-kiosks/	301	sheet
/blog/perth-portable-cabin-and-container/	/portable-cabin/	301	sitemap
/blog/peterborough-modular-kiosks/	/solutions/retail-and-food-service-kiosks/	301	sheet
/blog/peterborough-portable-cabin-and-container/	/portable-cabin/	301	sitemap
/blog/plymouth-modular-kiosk/	/solutions/retail-and-food-service-kiosks/	301	sheet
/blog/plymouth-portable-cabin-and-container/	/portable-cabin/	301	sitemap
/blog/portable-cabins-on-private-land/	/portable-cabin/	301	sheet
/blog/portsmouth-modular-kiosks/	/solutions/retail-and-food-service-kiosks/	301	sheet
/blog/portsmouth-portable-cabin-and-container/	/portable-cabin/	301	sitemap
/blog/preston-portable-cabin-and-container/	/portable-cabin/	301	sitemap
/blog/salford-modular-kiosks/	/solutions/retail-and-food-service-kiosks/	301	sheet
/blog/sheffield-modular-kiosks/	/solutions/retail-and-food-service-kiosks/	301	sheet
/blog/sheffield-portable-cabin-and-container/	/portable-cabin/	301	sitemap
/blog/st-albans-modular-kiosk/	/solutions/retail-and-food-service-kiosks/	301	sheet
/blog/st-davids-modular-kiosks/	/solutions/retail-and-food-service-kiosks/	301	sheet
/blog/stirling-portable-cabin-and-container/	/portable-cabin/	301	sitemap
/blog/stoke-on-trent-portable-cabin-and-container/	/portable-cabin/	301	sitemap
/blog/sunderland-portable-cabin-and-container/	/portable-cabin/	301	sitemap
/blog/swansea-portable-cabin-and-container/	/portable-cabin/	301	sitemap
/blog/truro-modular-kiosks/	/solutions/retail-and-food-service-kiosks/	301	sheet
/blog/truro-portable-cabin-and-container/	/portable-cabin/	301	sitemap
/blog/wakefield-modular-kiosks/	/solutions/retail-and-food-service-kiosks/	301	sheet
/blog/wakefield-portable-cabin-and-container/	/portable-cabin/	301	sitemap
/blog/wells-modular-kiosks/	/solutions/retail-and-food-service-kiosks/	301	sheet
/blog/westminster-modular-kiosks/	/solutions/retail-and-food-service-kiosks/	301	sheet
/blog/winchester-portable-cabin-and-container/	/portable-cabin/	301	sitemap
/blog/wolverhampton-modular-kiosk/	/solutions/retail-and-food-service-kiosks/	301	sheet
/blog/wolverhampton-portable-cabin-and-container/	/portable-cabin/	301	sitemap
/blog/worcester-modular-kiosks/	/solutions/retail-and-food-service-kiosks/	301	sheet
/blog/worcester-portable-cabin-and-container/	/portable-cabin/	301	sitemap
/blog/york-modular-kiosks/	/solutions/retail-and-food-service-kiosks/	301	sheet
/blog/york-portable-cabin-and-container/	/portable-cabin/	301	sitemap
/bulletproof-cabin-150x150/	/bulletproof-cabin/	301	sheet
/bulletproof-cabin-150x200/	/bulletproof-cabin/	301	sheet
/bulletproof-cabin-200x200/	/bulletproof-cabin/	301	sheet
/bulletproof-cabin-200x300/	/bulletproof-cabin/	301	sheet
/bulletproof-cabin-200x400/	/bulletproof-cabin/	301	sheet
/car-park-kiosk-and-parking-booths/	/solutions/car-park-valet-and-weighbridge-cabins/	301	sheet
/catalogs/	/products/	301	sheet
/catering-kiosk-for-food-and-coffee/	/solutions/retail-and-food-service-kiosks/	301	sheet
/chemical-toilet/	/solutions/welfare-and-wc-units/	301	sheet
/contact-us/	/contact/	301	sheet
/container/	/portable-cabin/	301	sheet
/control-booths/	/solutions/security-gatehouses-and-access-control/	301	sheet
/cookies-policy/	/contact/	302	interim until #18
/corporate-personal-data-protection-policy/	/privacy-policy/	301	sheet
/faq/	/contact/	302	interim until #18
/farm-workers-accommodation/	/solutions/accommodation-units/	301	sheet
/flat-pack-container-k-1002/	/portable-cabin/	301	sheet
/flat-pack-container-k-2004/	/portable-cabin/	301	sheet
/flat-pack-container-k-2005/	/portable-cabin/	301	sheet
/flat-pack-container-k-3005/	/portable-cabin/	301	sheet
/galleries/	/gallery/	301	sheet
/galleries/container/	/gallery/	301	sheet
/galleries/dundee-security-hut-for-sale/	/gallery/	301	sitemap
/galleries/factory/	/about/	301	sheet
/galleries/portable-buildings/	/gallery/	301	sheet
/galleries/prices-for-bulletproof-cabinet-in-chelmsford/	/gallery/	301	sitemap
/galleries/security-hut2/	/gallery/	301	sitemap
/garden-office/	/solutions/garden-rooms-and-garden-offices/	301	sitemap
/guard-booths/	/solutions/security-gatehouses-and-access-control/	301	sheet
/kiosk-150-150/	/solutions/ticket-information-and-service-kiosks/	301	sheet
/kiosk-150-215/	/solutions/ticket-information-and-service-kiosks/	301	sheet
/kiosk-150-270/	/solutions/ticket-information-and-service-kiosks/	301	sheet
/kiosk-215-215/	/solutions/ticket-information-and-service-kiosks/	301	sheet
/kiosk-215-270/	/solutions/ticket-information-and-service-kiosks/	301	sheet
/kiosk-215-390/	/solutions/ticket-information-and-service-kiosks/	301	sheet
/kiosk-270-270/	/solutions/ticket-information-and-service-kiosks/	301	sheet
/kiosk-270-390/	/solutions/ticket-information-and-service-kiosks/	301	sheet
/kiosk-270-510/	/solutions/ticket-information-and-service-kiosks/	301	sheet
/kiosk-270-630/	/solutions/ticket-information-and-service-kiosks/	301	sheet
/kiosk-270-750/	/solutions/ticket-information-and-service-kiosks/	301	sheet
/kiosk-390-1110/	/solutions/ticket-information-and-service-kiosks/	301	sheet
/kiosk-390-1230/	/solutions/ticket-information-and-service-kiosks/	301	sheet
/kiosk-390-390/	/solutions/ticket-information-and-service-kiosks/	301	sheet
/kiosk-390-510/	/solutions/ticket-information-and-service-kiosks/	301	sheet
/kiosk-390-630/	/solutions/ticket-information-and-service-kiosks/	301	sheet
/kiosk-390-750/	/solutions/ticket-information-and-service-kiosks/	301	sheet
/kiosk-390-870/	/solutions/ticket-information-and-service-kiosks/	301	sheet
/kiosk-390-990/	/solutions/ticket-information-and-service-kiosks/	301	sheet
/kvkk/	/privacy-policy/	301	sheet
/merchant-center/	/products/	301	sheet
/metrocity-cabin/	/products/?category=cabin&subcategory=metro-city	301	sheet
/modular-buildings/modular-school-buildings/	/portable-cabin/portable-classroom/	301	sheet
/modular-kiosk-technical-details/	/solutions/ticket-information-and-service-kiosks/	301	sheet
/outdoor-and-retail-kiosk/	/solutions/retail-and-food-service-kiosks/	301	sheet
/panel-cabin-110x110/	/panel-cabin/	301	sheet
/panel-cabin-135x135/	/panel-cabin/	301	sheet
/panel-cabin-135x210/	/panel-cabin/	301	sheet
/panel-cabin-135x260/	/panel-cabin/	301	sheet
/panel-cabin-210x210/	/panel-cabin/	301	sheet
/panel-cabin-210x260/	/panel-cabin/	301	sheet
/panel-cabin-260x260/	/panel-cabin/	301	sheet
/portable-cabin-technical-specifications/	/portable-cabin/	301	sheet
/portable-cabin/portable-office-cabin/	/solutions/site-offices/	301	sheet
/portable-cabin/portable-toilet-and-shower-cabin/	/solutions/welfare-and-wc-units/	301	sheet
/prefabricated-shelter-140-140/	/panel-cabin/	301	sheet
/prefabricated-shelter-140-215/	/panel-cabin/	301	sheet
/prefabricated-shelter-215-215/	/panel-cabin/	301	sheet
/prefabricated-shelter-215-265/	/panel-cabin/	301	sheet
/prefabricated-shelter/	/panel-cabin/	301	sitemap
/projects/	/gallery/	301	sheet
/projects/corona-test-portable-cabin/	/gallery/	301	sheet
/projects/covid-19-polyclinic-for-private-hospital/	/gallery/	301	sheet
/projects/enhancing-cricket-club-infrastructure-leicestershire-ccc/	/gallery/	301	sheet
/projects/enhancing-cricket-club-infrastructure/	/gallery/	301	sheet
/projects/farm-workers-accommodation/	/gallery/	301	sheet
/projects/first-gold-mine-construction-site-structures/	/gallery/	301	sheet
/projects/flixbus-ticket-sales-booth/	/gallery/	301	sheet
/projects/german-music-education-centre/	/gallery/	301	sheet
/projects/manchester-united-ticket-booths/	/gallery/	301	sheet
/projects/muriel-hurtis-container-school/	/gallery/	301	sheet
/projects/paris-hotel-cafeteria-grp-kiosk/	/gallery/	301	sheet
/projects/portable-house-with-wooden-cladding/	/gallery/	301	sheet
/projects/romania-boutique-hotel/	/gallery/	301	sheet
/projects/school-from-container-classrooms/	/gallery/	301	sheet
/projects/security-huts-for-american-cemeteries/	/gallery/	301	sheet
/security-gatehouse-security-guardhouse/	/solutions/security-gatehouses-and-access-control/	301	sitemap
/security-hut/	/solutions/security-gatehouses-and-access-control/	301	sheet
/site-cabin/	/solutions/site-offices/	301	sheet
/ticket-booths-technical-specifications/	/solutions/ticket-information-and-service-kiosks/	301	sheet
/ticket-booths/	/solutions/ticket-information-and-service-kiosks/	301	sitemap
