company,website,segment,explicit_solution_categories,delivery_model,site_office,welfare_canteen,sanitation,storage,security_gatehouse,retail_ticket_info,education,healthcare,accommodation,garden_room_office,high_security_industrial,source_urls,accessed_on
"S Jones Containers","https://www.sjonescontainers.co.uk/","Container conversions and portable buildings","Site offices; welfare units; toilets/showers; canteens; gatehouses; classrooms; retail/kiosks; laboratories; plant and energy enclosures","Sale; hire; bespoke design/build; nationwide delivery and installation",1,1,1,1,1,1,1,1,0,0,1,"https://www.sjonescontainers.co.uk/container-conversions/; https://www.sjonescontainers.co.uk/container-conversions/offices-and-site-accommodation/; https://www.sjonescontainers.co.uk/modular-buildings/","2026-09-16"
"Cleveland Containers","https://www.clevelandcontainers.co.uk/","Container conversions and portable buildings","Offices; drying rooms; toilets; canteens; workshops; cafés; bars; kiosks; fan zones; training centres; switchgear","Sale; hire; bespoke conversion; UK-wide delivery",1,1,1,1,0,1,1,0,0,0,1,"https://www.clevelandcontainers.co.uk/bespoke-shipping-containers/workshops; https://www.clevelandcontainers.co.uk/bespoke-shipping-containers/catering-units","2026-09-16"
"Portable Space","https://www.portablespace.co.uk/","Container conversions and portable buildings","Offices; welfare; café/retail; garden rooms; home offices; education; health; gatehouses; plant rooms","Buy; hire; standard or bespoke conversion; HIAB delivery and installation",1,1,1,1,1,1,1,1,1,1,1,"https://www.portablespace.co.uk/shop/containers-for-sale/shipping-container-conversions; https://www.portablespace.co.uk/sectors/business-industry; https://www.portablespace.co.uk/container-conversion-types/sports-clubs-health-education","2026-09-16"
"Lion Containers","https://www.lioncontainers.co.uk/","Container conversions and portable buildings","Offices; welfare; canteens; sanitation; workshops; classrooms; retail/food; visitor centres; garden offices; industrial units","Sale; custom build; nationwide depot delivery",1,1,1,1,0,1,1,0,0,1,1,"https://www.lioncontainers.co.uk/site-canteen-containers/; https://www.lioncontainers.co.uk/single-container-office/","2026-09-16"
"Willbox","https://www.willbox.co.uk/","Container conversions and portable buildings","Offices; welfare; canteens; toilets/showers; gatehouses; retail/kiosks; ticket/reception; sleeping; defence/medical","Hire; sale; custom fit-out; nationwide transport and lifting",1,1,1,1,1,1,0,1,1,0,1,"https://www.willbox.co.uk/service/site-accommodation-hire; https://www.willbox.co.uk/product/gatehouse; https://www.willbox.co.uk/sectors/defence","2026-09-16"
"Adaptainer","https://adaptainer.co.uk/","Container conversions and portable buildings","Offices; canteens; toilets; classrooms; shops; hospitality; ticket offices; workshops; plant/energy","Sale; short/long hire; custom conversion; nationwide HIAB delivery",1,1,1,1,0,1,1,0,0,0,1,"https://adaptainer.co.uk/container-conversion/; https://adaptainer.co.uk/container-conversion/container-conversions/","2026-09-16"
"Containers Direct","https://www.shippingcontainersuk.com/","Container conversions and portable buildings","Offices; canteens; classrooms; gyms; garden offices; pop-up retail; catering; toilets; workshops; pharmacy; plant rooms","Sale; custom build; managed CAD-to-production; nationwide haulage",1,1,1,1,1,1,1,1,0,1,1,"https://www.shippingcontainersuk.com/container-conversions/; https://www.shippingcontainersuk.com/container-conversions/container-offices/; https://www.shippingcontainersuk.com/products.php?show=all","2026-09-16"
"Budget Shipping Containers","https://www.budgetshippingcontainers.co.uk/","Container conversions and portable buildings","Offices; welfare; sanitation; security huts; kiosks; cafés/bars; classrooms; living space; garden offices; industrial","Sale; hire; bespoke conversion; nationwide crane delivery",1,1,1,1,1,1,1,0,1,1,1,"https://www.budgetshippingcontainers.co.uk/company/guide-to-container-offices/; https://www.budgetshippingcontainers.co.uk/company/information-kiosk-container-for-norwich-council/; https://www.budgetshippingcontainers.co.uk/container-conversions/catering-bars-and-kiosks/","2026-09-16"
"Algeco UK","https://www.algeco.co.uk/","National modular and site accommodation","Site offices; canteens; changing/drying; toilets/showers; gatehouses; schools; healthcare; living; retail; anti-vandal units","Hire; permanent modular; used-unit sale; turnkey installation",1,1,1,1,1,1,1,1,1,0,1,"https://www.algeco.co.uk/site-accommodation; https://www.algeco.co.uk/products/welfare-units; https://www.algeco.co.uk/modular-buildings/why-choose-modular","2026-09-16"
"Wernick Group","https://www.wernick.co.uk/","National modular and site accommodation","Offices; canteens; sanitation; gatehouses; classrooms; clinics; retail/reception; sleeping units; workshops","Hire; permanent modular sale; ex-hire sale; delivery and installation",1,1,1,1,1,1,1,1,1,0,1,"https://www.wernick.co.uk/hire/solutions/portable-cabins/; https://www.wernick.co.uk/hire/solutions/portable-cabins/gatehouse-units/; https://www.wernick.co.uk/buildings/modular/","2026-09-16"
"Cabinlocator","https://cabinlocator.co.uk/","Portable and modular buildings","Offices; welfare/canteens; toilets; gatehouses; classrooms; labs; healthcare; retail/marketing; accommodation","Purchase; hire; finance; made-to-brief; delivery and installation",1,1,1,1,1,1,1,1,1,0,1,"https://cabinlocator.co.uk/about/building-uses/portable-canteen-buildings/; https://cabinlocator.co.uk/from-functional-to-deluxe-the-many-faces-of-portable-cabins/","2026-09-16"
"Green Retreats","https://www.greenretreats.co.uk/","Garden rooms and specialist outdoor rooms","Garden offices; home business; studios; gyms; yoga; bars; cinema; classrooms; storage; annexes","Turnkey UK delivery and installation; self-build option",0,0,0,1,0,0,1,0,1,1,0,"https://www.greenretreats.co.uk/popular-uses/; https://www.greenretreats.co.uk/garden-rooms; https://www.greenretreats.co.uk/process/","2026-09-16"
"Cabin Master","https://www.cabinmaster.co.uk/","Garden rooms and specialist outdoor rooms","Garden rooms; offices; bars; gyms; studios; school rooms; camping cabins; beauty rooms; spas; music rooms","Bespoke design-to-installation; foundations and fit-out included",0,0,0,0,0,0,1,0,1,1,0,"https://www.cabinmaster.co.uk/popular-uses; https://www.cabinmaster.co.uk/our-buildings; https://www.cabinmaster.co.uk/product/garden-rooms","2026-09-16"
"Garden Affairs","https://www.gardenaffairs.co.uk/","Garden rooms and specialist outdoor rooms","Garden offices; retreat spaces; art studios; therapy rooms; hobby rooms; Airbnb/living; education and health cabins","DIY kit; partial service; turnkey design/installation",0,0,0,1,0,0,1,1,1,1,0,"https://www.gardenaffairs.co.uk/; https://www.gardenaffairs.co.uk/garden-buildings/therapy-rooms/; https://www.gardenaffairs.co.uk/how-we-work/educational-commercial/","2026-09-16"
"Crane Garden Buildings","https://www.cranegardenbuildings.co.uk/","Garden rooms and specialist outdoor rooms","Garden offices; studios; summerhouses; gyms; hobby rooms; craft rooms; entertainment spaces","Made to order; in-house UK-mainland delivery and installation",0,0,0,1,0,0,0,0,0,1,0,"https://www.cranegardenbuildings.co.uk/; https://www.cranegardenbuildings.co.uk/garden-room; https://www.cranegardenbuildings.co.uk/contemporary-garden-room","2026-09-16"
"Crown Pavilions","https://www.crownpavilions.com/","Garden rooms and specialist outdoor rooms","Offices; gyms; bars; music studios; games/cinema; pool houses; kitchens; annexes; bedrooms; guest rooms; solar rooms","Workshop-built; professional installation; regional delivery terms",0,0,0,1,0,0,0,0,1,1,0,"https://www.crownpavilions.com/uses/; https://www.crownpavilions.com/bespoke-buildings/bespoke-garden-rooms/","2026-09-16"
"SMART Modular Buildings","https://www.smartgardenoffices.co.uk/","Garden rooms and specialist outdoor rooms","Garden offices; bars; games rooms; gyms; therapy rooms; salons; entertainment hubs","Full turnkey nationwide design and installation",0,0,0,0,0,0,0,0,1,1,0,"https://www.smartgardenoffices.co.uk/; https://www.smartgardenoffices.co.uk/garden-rooms/","2026-09-16"
"Booths Garden Studios","https://boothsgardenstudios.co.uk/","Garden rooms and specialist outdoor rooms","Garden annexes; offices; gyms; retreats; sheds; school rooms; commercial studios","Buy or rent; UK manufactured; rapid delivery and installation",0,0,0,1,0,0,1,0,1,1,0,"https://boothsgardenstudios.co.uk/; https://boothsgardenstudios.co.uk/garden-offices/; https://boothsgardenstudios.co.uk/faqs/","2026-09-16"
"Outside In Garden Rooms","https://www.outsideingardenrooms.co.uk/","Garden rooms and specialist outdoor rooms","Garden gyms; offices; bars; cinemas; storage rooms; hobby rooms; outdoor kitchens; multi-purpose combinations","Fully managed bespoke build in Scotland",0,0,0,1,0,0,0,0,0,1,0,"https://www.outsideingardenrooms.co.uk/our-garden-rooms/uses; https://www.outsideingardenrooms.co.uk/case-studies","2026-09-16"
"Dunster House","https://dunsterhouse.co.uk/","Garden rooms and specialist outdoor rooms","Log cabins; offices; studios; salons; gyms; games rooms; bars; sheds; garages; outdoor kitchens","DIY-market supply; UK distribution and delivery",0,0,0,1,0,0,0,0,0,1,0,"https://dunsterhouse.co.uk/; https://dunsterhouse.co.uk/garden-offices/outdoor-office","2026-09-16"
"Keops","https://www.logcabins.co.uk/","Garden rooms and specialist outdoor rooms","Mobile homes; garden rooms; commercial/education; offices; saunas; workshops; gyms; studios","Bespoke design, supply and UK installation",0,0,0,1,0,0,1,0,1,1,0,"https://www.logcabins.co.uk/; https://www.logcabins.co.uk/the-keops-range-of-garden-rooms; https://www.logcabins.co.uk/gallery","2026-09-16"
"Bespoke Garden Homes","https://www.bespokegardenhomes.co.uk/","Garden rooms and specialist outdoor rooms","Homes; annexes; guest houses; holiday lodges; workshops; offices; studios; treatment rooms; hospitality; retail","Custom made to order; mainland-UK delivery",0,0,0,0,0,0,0,1,1,1,0,"https://www.bespokegardenhomes.co.uk/bespoke-log-cabins; https://www.bespokegardenhomes.co.uk/bespoke-log-cabins/custom-complex-projects","2026-09-16"
"CMT Group","https://www.cmt.co.uk/","Security cabins and specialist outdoor rooms","Gatehouses; access-control points; event ticketing/reception; car-park kiosks; sign-in stations; site-induction offices","Fully assembled; own-fleet UK-mainland delivery",1,0,0,0,1,1,0,0,0,0,1,"https://www.cmt.co.uk/fully-assembled-steel-security-hut","2026-09-16"
"Portakabin","https://www.portakabin.com/gb-en/","National modular and site accommodation","Education; site accommodation; health; offices; storage; sanitation; hospitality; retail; sport; housing","Buy; hire; pre-owned; turnkey delivery and crane installation",1,1,1,1,1,1,1,1,1,0,1,"https://www.portakabin.com/gb-en/sitemap/; https://www.portakabin.com/gb-en/buildings/our-product-range/modular-buildings/; https://www.portakabin.com/gb-en/solutions/education-facilities","2026-09-16"
"Premier Modular","https://www.premiermodular.co.uk/","National modular and site accommodation","Infrastructure; education; healthcare; commercial/industrial; defence; justice; retail; residential; site accommodation","Short/long rental; permanent; full end-to-end project delivery",1,1,1,1,1,1,1,1,1,0,1,"https://www.premiermodular.co.uk/sectors/; https://www.premiermodular.co.uk/solutions/temporary-building-hire/available-buildings/; https://www.premiermodular.co.uk/sectors/retail/","2026-09-16"
"Thurston Group","https://thurstongroup.co.uk/","National modular and site accommodation","Construction; healthcare; education; commercial/industrial; sport; residential; defence/custodial; offices; canteens; gatehouses","Turnkey design, manufacture, installation and handover",1,1,1,1,1,1,1,1,1,0,1,"https://thurstongroup.co.uk/cabins/; https://thurstongroup.co.uk/buildings-2/construction/; https://thurstongroup.co.uk/thurston-turnkey-solution/","2026-09-16"
"Modulek","https://modulek.co.uk/","National modular and site accommodation","Education; sport/leisure; commercial; lodges; student accommodation; community; offices; welfare; security centres","Fixed-price bespoke turnkey delivery",1,1,1,1,1,1,1,1,1,0,1,"https://modulek.co.uk/modulek-buildings/; https://modulek.co.uk/solutions/bespoke-modular-buildings/; https://modulek.co.uk/solutions/modular-buildings-water-sector/","2026-09-16"
"TG Escapes","https://tgescapes.co.uk/","Commercial modular and education buildings","Education; commercial; sport/leisure; healthcare; garden buildings; classrooms; dining; nurseries; offices; cafés; changing","Turnkey permanent design/build with planning and utilities",0,1,1,1,0,0,1,1,0,1,0,"https://tgescapes.co.uk/; https://tgescapes.co.uk/modular-buildings; https://tgescapes.co.uk/buildings/education/education-resources-education","2026-09-16"
"Integra Buildings","https://www.integrabuildings.co.uk/","Commercial modular and anti-vandal buildings","Sport/leisure; education; offices/commercial; marketing/retail; healthcare; site accommodation; welfare; housing","Turnkey survey-to-handover; purchase and hire routes",1,1,1,0,0,1,1,1,1,0,1,"https://www.integrabuildings.co.uk/; https://www.integrabuildings.co.uk/anti-vandal/; https://www.integrabuildings.co.uk/modular/marketing-suites-retail/","2026-09-16"
"Actiform","https://actiform.co.uk/","Engineered modular and high-security buildings","Healthcare; defence; nuclear; site accommodation; education; industrial; welfare; sleepers; security/CCTV; ballistic/forensic facilities","Buy or hire; permanent or temporary; 360-degree bespoke service",1,1,0,1,1,1,1,1,1,0,1,"https://actiform.co.uk/; https://actiform.co.uk/sectors/site-accommodation/; https://actiform.co.uk/sectors/defence/","2026-09-16"
"Cotaplan","https://www.cotaplan.co.uk/","Commercial modular buildings","Healthcare; offices; education; commercial; classrooms; sport; retail; leisure; canteens; changing; toilet blocks","Buy new/refurbished; hire; sell; turnkey installation",1,1,1,1,0,1,1,1,1,0,0,"https://www.cotaplan.co.uk/; https://www.cotaplan.co.uk/modular-rooms/; https://www.cotaplan.co.uk/education/","2026-09-16"
"Explore Modular","https://exploremodular.co.uk/","Commercial modular buildings","Site accommodation; education; offices/business; non-clinical healthcare; events/recreation; welfare; storage; accommodation","Purchase; lease; rent; turnkey design, planning and maintenance",1,1,1,1,0,0,1,1,1,0,0,"https://exploremodular.co.uk/services; https://exploremodular.co.uk/services/site-accommodation; https://exploremodular.co.uk/services/modular-nonclinical-healthcare","2026-09-16"
"Cleveland Sitesafe","https://www.cleveland-sitesafe.co.uk/","Secure modular and civic buildings","Sport/changing; workshops; visitor centres; community; public toilets; kiosks/shops; site access/welfare; education","Bespoke manufacture; UK delivery and installation",1,1,1,1,1,1,1,0,0,0,1,"https://www.cleveland-sitesafe.co.uk/products/modular-buildings/; https://cleveland-sitesafe.co.uk/products/; https://www.cleveland-sitesafe.co.uk/products/modular-buildings/attendants-cabins/","2026-09-16"
