priority,solution_page,url_slug,live_page_today,product_family,product_slug,size_key,length_m,width_m,height_m,floor_area_m2,price_gbp_ex_vat,is_default_size,fit,available_customizations,recommended_configuration,evidence_needed,owner_decision,owner_capacity_persons,owner_notes
P0,Security Gatehouses & Access Control,/solutions/security-gatehouses,Security Hut (live — rename & expand),Insulated Panel Cabin,insulated-panel-cabin,110x110,1.1,1.1,2.35,1.21,2290,no,Suitable now,"Electricity (1 light + 2 double sockets, or custom); Heater (2kW); Air conditioning",Electricity + heater; AC for glazed/south-facing posts,Sightline/glazing spec per size; door lock options,,,
P0,Security Gatehouses & Access Control,/solutions/security-gatehouses,Security Hut (live — rename & expand),Insulated Panel Cabin,insulated-panel-cabin,135x135,1.35,1.35,2.35,1.82,2690,no,Suitable now,"Electricity (1 light + 2 double sockets, or custom); Heater (2kW); Air conditioning",Electricity + heater; AC for glazed/south-facing posts,Sightline/glazing spec per size; door lock options,,,
P0,Security Gatehouses & Access Control,/solutions/security-gatehouses,Security Hut (live — rename & expand),Insulated Panel Cabin,insulated-panel-cabin,135x210,1.35,2.1,2.35,2.84,3690,yes,Suitable now,"Electricity (1 light + 2 double sockets, or custom); Heater (2kW); Air conditioning",Electricity + heater; AC for glazed/south-facing posts,Sightline/glazing spec per size; door lock options,,,
P0,Security Gatehouses & Access Control,/solutions/security-gatehouses,Security Hut (live — rename & expand),Insulated Panel Cabin,insulated-panel-cabin,210x210,2.1,2.1,2.35,4.41,4195,no,Suitable now,"Electricity (1 light + 2 double sockets, or custom); Heater (2kW); Air conditioning",Electricity + heater; AC for glazed/south-facing posts,Sightline/glazing spec per size; door lock options,,,
P0,Security Gatehouses & Access Control,/solutions/security-gatehouses,Security Hut (live — rename & expand),Insulated Panel Cabin,insulated-panel-cabin,260x260,2.6,2.6,2.35,6.76,4890,no,Suitable now,"Electricity (1 light + 2 double sockets, or custom); Heater (2kW); Air conditioning",Electricity + heater; AC for glazed/south-facing posts,Sightline/glazing spec per size; door lock options,,,
P0,Security Gatehouses & Access Control,/solutions/security-gatehouses,Security Hut (live — rename & expand),GRP Cabin,grp-cabin,150x150,1.5,1.5,2.4,2.25,3890,no,Suitable now,"Electricity (1 light + 2 double sockets, or custom); Heater (2kW); Air conditioning",Electricity + heater; AC standard on 2.15m and above,Sightline/glazing spec per size; door lock options,,,
P0,Security Gatehouses & Access Control,/solutions/security-gatehouses,Security Hut (live — rename & expand),GRP Cabin,grp-cabin,150x215,1.5,2.15,2.4,3.22,4490,no,Suitable now,"Electricity (1 light + 2 double sockets, or custom); Heater (2kW); Air conditioning",Electricity + heater; AC standard on 2.15m and above,Sightline/glazing spec per size; door lock options,,,
P0,Security Gatehouses & Access Control,/solutions/security-gatehouses,Security Hut (live — rename & expand),GRP Cabin,grp-cabin,150x270,1.5,2.7,2.4,4.05,4690,no,Suitable now,"Electricity (1 light + 2 double sockets, or custom); Heater (2kW); Air conditioning",Electricity + heater; AC standard on 2.15m and above,Sightline/glazing spec per size; door lock options,,,
P0,Security Gatehouses & Access Control,/solutions/security-gatehouses,Security Hut (live — rename & expand),GRP Cabin,grp-cabin,215x270,2.15,2.7,2.4,5.8,5890,yes,Suitable now,"Electricity (1 light + 2 double sockets, or custom); Heater (2kW); Air conditioning",Electricity + heater; AC standard on 2.15m and above,Sightline/glazing spec per size; door lock options,,,
P0,Security Gatehouses & Access Control,/solutions/security-gatehouses,Security Hut (live — rename & expand),GRP Cabin,grp-cabin,270x270,2.7,2.7,2.45,7.29,6390,no,Suitable now,"Electricity (1 light + 2 double sockets, or custom); Heater (2kW); Air conditioning",Electricity + heater; AC standard on 2.15m and above,Sightline/glazing spec per size; door lock options,,,
P0,Security Gatehouses & Access Control,/solutions/security-gatehouses,Security Hut (live — rename & expand),MetroCity Modular Cabin,metrocity-modular-cabin,140x140,1.4,1.4,2.75,1.96,5595,no,Suitable now,"Electricity (1 light + 2 double sockets, or custom); Heater (2kW); Air conditioning",Electricity + heater + AC,Sightline/glazing spec per size; door lock options,,,
P0,Security Gatehouses & Access Control,/solutions/security-gatehouses,Security Hut (live — rename & expand),MetroCity Modular Cabin,metrocity-modular-cabin,140x215,1.4,2.15,2.75,3.01,6490,yes,Suitable now,"Electricity (1 light + 2 double sockets, or custom); Heater (2kW); Air conditioning",Electricity + heater + AC,Sightline/glazing spec per size; door lock options,,,
P0,Security Gatehouses & Access Control,/solutions/security-gatehouses,Security Hut (live — rename & expand),MetroCity Modular Cabin,metrocity-modular-cabin,215x215,2.15,2.15,2.75,4.62,7890,no,Suitable now,"Electricity (1 light + 2 double sockets, or custom); Heater (2kW); Air conditioning",Electricity + heater + AC,Sightline/glazing spec per size; door lock options,,,
P0,Security Gatehouses & Access Control,/solutions/security-gatehouses,Security Hut (live — rename & expand),MetroCity Modular Cabin,metrocity-modular-cabin,215x265,2.15,2.65,2.75,5.7,8790,no,Suitable now,"Electricity (1 light + 2 double sockets, or custom); Heater (2kW); Air conditioning",Electricity + heater + AC,Sightline/glazing spec per size; door lock options,,,
P0,Security Gatehouses & Access Control,/solutions/security-gatehouses,Security Hut (live — rename & expand),MetroCity Modular Cabin,metrocity-modular-cabin,265x265,2.65,2.65,2.75,7.02,9890,no,Suitable now,"Electricity (1 light + 2 double sockets, or custom); Heater (2kW); Air conditioning",Electricity + heater + AC,Sightline/glazing spec per size; door lock options,,,
P0,Security Gatehouses & Access Control,/solutions/security-gatehouses,Security Hut (live — rename & expand),KompoCity Composite Cabin,kompocity-composite-cabin,140x140,1.4,1.4,2.75,1.96,6890,no,Suitable now,"Electricity (1 light + 2 double sockets, or custom); Heater (2kW); Air conditioning",Electricity + heater + AC,Sightline/glazing spec per size; cladding RAL range,,,
P0,Security Gatehouses & Access Control,/solutions/security-gatehouses,Security Hut (live — rename & expand),KompoCity Composite Cabin,kompocity-composite-cabin,140x215,1.4,2.15,2.75,3.01,7890,no,Suitable now,"Electricity (1 light + 2 double sockets, or custom); Heater (2kW); Air conditioning",Electricity + heater + AC,Sightline/glazing spec per size; cladding RAL range,,,
P0,Security Gatehouses & Access Control,/solutions/security-gatehouses,Security Hut (live — rename & expand),KompoCity Composite Cabin,kompocity-composite-cabin,215x215,2.15,2.15,2.75,4.62,8990,yes,Suitable now,"Electricity (1 light + 2 double sockets, or custom); Heater (2kW); Air conditioning",Electricity + heater + AC,Sightline/glazing spec per size; cladding RAL range,,,
P0,Security Gatehouses & Access Control,/solutions/security-gatehouses,Security Hut (live — rename & expand),KompoCity Composite Cabin,kompocity-composite-cabin,215x265,2.15,2.65,2.75,5.7,10980,no,Suitable now,"Electricity (1 light + 2 double sockets, or custom); Heater (2kW); Air conditioning",Electricity + heater + AC,Sightline/glazing spec per size; cladding RAL range,,,
P0,Security Gatehouses & Access Control,/solutions/security-gatehouses,Security Hut (live — rename & expand),KompoCity Composite Cabin,kompocity-composite-cabin,265x265,2.65,2.65,2.75,7.02,11980,no,Suitable now,"Electricity (1 light + 2 double sockets, or custom); Heater (2kW); Air conditioning",Electricity + heater + AC,Sightline/glazing spec per size; cladding RAL range,,,
P0,Security Gatehouses & Access Control,/solutions/security-gatehouses,Security Hut (live — rename & expand),Bulletproof Security Cabin,bulletproof-security-cabin,150x150,1.5,1.5,3,2.25,39900,no,Specialist project,"Electricity (1 light + 2 double sockets, or custom); Heater (2kW); Air conditioning",Protected tier of the same gatehouse job: electricity + heater + AC; ballistic class agreed at order,"Ballistic certificate and tested standard (EN 1522/1063, NIJ 0108.01 or UL 752); threat level; glazing/door/wall scope; foundation loading",,,
P0,Security Gatehouses & Access Control,/solutions/security-gatehouses,Security Hut (live — rename & expand),Bulletproof Security Cabin,bulletproof-security-cabin,150x200,1.5,2,3,3.0,47900,no,Specialist project,"Electricity (1 light + 2 double sockets, or custom); Heater (2kW); Air conditioning",Protected tier of the same gatehouse job: electricity + heater + AC; ballistic class agreed at order,"Ballistic certificate and tested standard (EN 1522/1063, NIJ 0108.01 or UL 752); threat level; glazing/door/wall scope; foundation loading",,,
P0,Security Gatehouses & Access Control,/solutions/security-gatehouses,Security Hut (live — rename & expand),Bulletproof Security Cabin,bulletproof-security-cabin,200x200,2,2,3,4,54900,no,Specialist project,"Electricity (1 light + 2 double sockets, or custom); Heater (2kW); Air conditioning",Protected tier of the same gatehouse job: electricity + heater + AC; ballistic class agreed at order,"Ballistic certificate and tested standard (EN 1522/1063, NIJ 0108.01 or UL 752); threat level; glazing/door/wall scope; foundation loading",,,
P0,Security Gatehouses & Access Control,/solutions/security-gatehouses,Security Hut (live — rename & expand),Bulletproof Security Cabin,bulletproof-security-cabin,200x300,2,3,3,6,59900,yes,Specialist project,"Electricity (1 light + 2 double sockets, or custom); Heater (2kW); Air conditioning",Protected tier of the same gatehouse job: electricity + heater + AC; ballistic class agreed at order,"Ballistic certificate and tested standard (EN 1522/1063, NIJ 0108.01 or UL 752); threat level; glazing/door/wall scope; foundation loading",,,
P0,Security Gatehouses & Access Control,/solutions/security-gatehouses,Security Hut (live — rename & expand),Bulletproof Security Cabin,bulletproof-security-cabin,200x400,2,4,3,8,67900,no,Specialist project,"Electricity (1 light + 2 double sockets, or custom); Heater (2kW); Air conditioning",Protected tier of the same gatehouse job: electricity + heater + AC; ballistic class agreed at order,"Ballistic certificate and tested standard (EN 1522/1063, NIJ 0108.01 or UL 752); threat level; glazing/door/wall scope; foundation loading",,,
P0,Security Gatehouses & Access Control,/solutions/security-gatehouses,Security Hut (live — rename & expand),Bulletproof Security Cabin,bulletproof-security-cabin,300x300,3,3,3,9,69900,no,Specialist project,"Electricity (1 light + 2 double sockets, or custom); Heater (2kW); Air conditioning",Protected tier of the same gatehouse job: electricity + heater + AC; ballistic class agreed at order,"Ballistic certificate and tested standard (EN 1522/1063, NIJ 0108.01 or UL 752); threat level; glazing/door/wall scope; foundation loading",,,
P0,Security Gatehouses & Access Control,/solutions/security-gatehouses,Security Hut (live — rename & expand),Bulletproof Security Cabin,bulletproof-security-cabin,300x400,3,4,3,12,78900,no,Specialist project,"Electricity (1 light + 2 double sockets, or custom); Heater (2kW); Air conditioning",Protected tier of the same gatehouse job: electricity + heater + AC; ballistic class agreed at order,"Ballistic certificate and tested standard (EN 1522/1063, NIJ 0108.01 or UL 752); threat level; glazing/door/wall scope; foundation loading",,,
P0,Security Gatehouses & Access Control,/solutions/security-gatehouses,Security Hut (live — rename & expand),Bulletproof Security Cabin,bulletproof-security-cabin,300x500,3,5,3,15,84900,no,Specialist project,"Electricity (1 light + 2 double sockets, or custom); Heater (2kW); Air conditioning",Protected tier of the same gatehouse job: electricity + heater + AC; ballistic class agreed at order,"Ballistic certificate and tested standard (EN 1522/1063, NIJ 0108.01 or UL 752); threat level; glazing/door/wall scope; foundation loading",,,
P0,Site Offices,/solutions/site-offices,Site Cabin (live — rename & expand),Portable Cabin,k1002-portable-cabin,230x600,2.3,6,,13.8,4290,no,Suitable now,"Electricity (1 or 2 light/socket layouts, or custom); Heater (2kW); Air conditioning; WC sanitation pack; Kitchenette",Electricity (2 light / 4 socket layout) + heater + AC,Desk positions per size; base/level requirement; craneage,,,
P0,Site Offices,/solutions/site-offices,Site Cabin (live — rename & expand),Portable Cabin,k1002-portable-cabin,300x500,3,5,,15,5090,no,Suitable now,"Electricity (1 or 2 light/socket layouts, or custom); Heater (2kW); Air conditioning; WC sanitation pack; Kitchenette",Electricity (2 light / 4 socket layout) + heater + AC,Desk positions per size; base/level requirement; craneage,,,
P0,Site Offices,/solutions/site-offices,Site Cabin (live — rename & expand),Portable Cabin,k1002-portable-cabin,300x600,3,6,,18,5490,no,Suitable now,"Electricity (1 or 2 light/socket layouts, or custom); Heater (2kW); Air conditioning; WC sanitation pack; Kitchenette",Electricity (2 light / 4 socket layout) + heater + AC,Desk positions per size; base/level requirement; craneage,,,
P0,Site Offices,/solutions/site-offices,Site Cabin (live — rename & expand),Portable Cabin,k1002-portable-cabin,300x700,3,7,,21,5790,yes,Suitable now,"Electricity (1 or 2 light/socket layouts, or custom); Heater (2kW); Air conditioning; WC sanitation pack; Kitchenette",Electricity (2 light / 4 socket layout) + heater + AC,Desk positions per size; base/level requirement; craneage,,,
P0,Site Offices,/solutions/site-offices,Site Cabin (live — rename & expand),GRP Cabin,grp-cabin,215x270,2.15,2.7,2.4,5.8,5890,yes,Suitable now,"Electricity (1 light + 2 double sockets, or custom); Heater (2kW); Air conditioning",Electricity + heater + AC,Single-desk layout confirmation,,,
P0,Site Offices,/solutions/site-offices,Site Cabin (live — rename & expand),GRP Cabin,grp-cabin,270x270,2.7,2.7,2.45,7.29,6390,no,Suitable now,"Electricity (1 light + 2 double sockets, or custom); Heater (2kW); Air conditioning",Electricity + heater + AC,Single-desk layout confirmation,,,
P0,Site Offices,/solutions/site-offices,Site Cabin (live — rename & expand),Insulated Panel Cabin,insulated-panel-cabin,210x210,2.1,2.1,2.35,4.41,4195,no,Suitable now,"Electricity (1 light + 2 double sockets, or custom); Heater (2kW); Air conditioning",Electricity + heater + AC,Single-desk layout confirmation,,,
P0,Site Offices,/solutions/site-offices,Site Cabin (live — rename & expand),Insulated Panel Cabin,insulated-panel-cabin,260x260,2.6,2.6,2.35,6.76,4890,no,Suitable now,"Electricity (1 light + 2 double sockets, or custom); Heater (2kW); Air conditioning",Electricity + heater + AC,Single-desk layout confirmation,,,
P0,Site Offices,/solutions/site-offices,Site Cabin (live — rename & expand),MetroCity Modular Cabin,metrocity-modular-cabin,215x265,2.15,2.65,2.75,5.7,8790,no,Suitable now,"Electricity (1 light + 2 double sockets, or custom); Heater (2kW); Air conditioning",Electricity + heater + AC,Single-desk layout confirmation,,,
P0,Site Offices,/solutions/site-offices,Site Cabin (live — rename & expand),MetroCity Modular Cabin,metrocity-modular-cabin,265x265,2.65,2.65,2.75,7.02,9890,no,Suitable now,"Electricity (1 light + 2 double sockets, or custom); Heater (2kW); Air conditioning",Electricity + heater + AC,Single-desk layout confirmation,,,
P0,Site Offices,/solutions/site-offices,Site Cabin (live — rename & expand),KompoCity Composite Cabin,kompocity-composite-cabin,215x265,2.15,2.65,2.75,5.7,10980,no,Suitable now,"Electricity (1 light + 2 double sockets, or custom); Heater (2kW); Air conditioning",Electricity + heater + AC,Single-desk layout confirmation,,,
P0,Site Offices,/solutions/site-offices,Site Cabin (live — rename & expand),KompoCity Composite Cabin,kompocity-composite-cabin,265x265,2.65,2.65,2.75,7.02,11980,no,Suitable now,"Electricity (1 light + 2 double sockets, or custom); Heater (2kW); Air conditioning",Electricity + heater + AC,Single-desk layout confirmation,,,
P0,Ticket & Information Kiosks,/solutions/ticket-information-kiosks,none — new page,GRP Cabin,grp-cabin,150x215,1.5,2.15,2.4,3.22,4490,no,Configured to order,"Electricity (1 light + 2 double sockets, or custom); Heater (2kW); Air conditioning",Electricity + heater + AC; serving hatch and counter to specify,Counter height; hatch/shutter type; speech panel or intercom,,,
P0,Ticket & Information Kiosks,/solutions/ticket-information-kiosks,none — new page,GRP Cabin,grp-cabin,150x270,1.5,2.7,2.4,4.05,4690,no,Configured to order,"Electricity (1 light + 2 double sockets, or custom); Heater (2kW); Air conditioning",Electricity + heater + AC; serving hatch and counter to specify,Counter height; hatch/shutter type; speech panel or intercom,,,
P0,Ticket & Information Kiosks,/solutions/ticket-information-kiosks,none — new page,GRP Cabin,grp-cabin,215x270,2.15,2.7,2.4,5.8,5890,yes,Configured to order,"Electricity (1 light + 2 double sockets, or custom); Heater (2kW); Air conditioning",Electricity + heater + AC; serving hatch and counter to specify,Counter height; hatch/shutter type; speech panel or intercom,,,
P0,Ticket & Information Kiosks,/solutions/ticket-information-kiosks,none — new page,GRP Cabin,grp-cabin,270x270,2.7,2.7,2.45,7.29,6390,no,Configured to order,"Electricity (1 light + 2 double sockets, or custom); Heater (2kW); Air conditioning",Electricity + heater + AC; serving hatch and counter to specify,Counter height; hatch/shutter type; speech panel or intercom,,,
P0,Ticket & Information Kiosks,/solutions/ticket-information-kiosks,none — new page,MetroCity Modular Cabin,metrocity-modular-cabin,140x215,1.4,2.15,2.75,3.01,6490,yes,Configured to order,"Electricity (1 light + 2 double sockets, or custom); Heater (2kW); Air conditioning",Electricity + heater + AC; serving hatch and counter to specify,Counter height; hatch/shutter type; speech panel or intercom,,,
P0,Ticket & Information Kiosks,/solutions/ticket-information-kiosks,none — new page,MetroCity Modular Cabin,metrocity-modular-cabin,215x215,2.15,2.15,2.75,4.62,7890,no,Configured to order,"Electricity (1 light + 2 double sockets, or custom); Heater (2kW); Air conditioning",Electricity + heater + AC; serving hatch and counter to specify,Counter height; hatch/shutter type; speech panel or intercom,,,
P0,Ticket & Information Kiosks,/solutions/ticket-information-kiosks,none — new page,MetroCity Modular Cabin,metrocity-modular-cabin,215x265,2.15,2.65,2.75,5.7,8790,no,Configured to order,"Electricity (1 light + 2 double sockets, or custom); Heater (2kW); Air conditioning",Electricity + heater + AC; serving hatch and counter to specify,Counter height; hatch/shutter type; speech panel or intercom,,,
P0,Ticket & Information Kiosks,/solutions/ticket-information-kiosks,none — new page,MetroCity Modular Cabin,metrocity-modular-cabin,265x265,2.65,2.65,2.75,7.02,9890,no,Configured to order,"Electricity (1 light + 2 double sockets, or custom); Heater (2kW); Air conditioning",Electricity + heater + AC; serving hatch and counter to specify,Counter height; hatch/shutter type; speech panel or intercom,,,
P0,Ticket & Information Kiosks,/solutions/ticket-information-kiosks,none — new page,KompoCity Composite Cabin,kompocity-composite-cabin,140x215,1.4,2.15,2.75,3.01,7890,no,Configured to order,"Electricity (1 light + 2 double sockets, or custom); Heater (2kW); Air conditioning",Electricity + heater + AC; serving hatch and counter to specify,Counter height; hatch/shutter type; speech panel or intercom,,,
P0,Ticket & Information Kiosks,/solutions/ticket-information-kiosks,none — new page,KompoCity Composite Cabin,kompocity-composite-cabin,215x215,2.15,2.15,2.75,4.62,8990,yes,Configured to order,"Electricity (1 light + 2 double sockets, or custom); Heater (2kW); Air conditioning",Electricity + heater + AC; serving hatch and counter to specify,Counter height; hatch/shutter type; speech panel or intercom,,,
P0,Ticket & Information Kiosks,/solutions/ticket-information-kiosks,none — new page,KompoCity Composite Cabin,kompocity-composite-cabin,215x265,2.15,2.65,2.75,5.7,10980,no,Configured to order,"Electricity (1 light + 2 double sockets, or custom); Heater (2kW); Air conditioning",Electricity + heater + AC; serving hatch and counter to specify,Counter height; hatch/shutter type; speech panel or intercom,,,
P0,Ticket & Information Kiosks,/solutions/ticket-information-kiosks,none — new page,KompoCity Composite Cabin,kompocity-composite-cabin,265x265,2.65,2.65,2.75,7.02,11980,no,Configured to order,"Electricity (1 light + 2 double sockets, or custom); Heater (2kW); Air conditioning",Electricity + heater + AC; serving hatch and counter to specify,Counter height; hatch/shutter type; speech panel or intercom,,,
P0,Ticket & Information Kiosks,/solutions/ticket-information-kiosks,none — new page,Insulated Panel Cabin,insulated-panel-cabin,135x210,1.35,2.1,2.35,2.84,3690,yes,Configured to order,"Electricity (1 light + 2 double sockets, or custom); Heater (2kW); Air conditioning",Electricity + heater; serving hatch and counter to specify,Counter height; hatch/shutter type,,,
P0,Ticket & Information Kiosks,/solutions/ticket-information-kiosks,none — new page,Insulated Panel Cabin,insulated-panel-cabin,210x210,2.1,2.1,2.35,4.41,4195,no,Configured to order,"Electricity (1 light + 2 double sockets, or custom); Heater (2kW); Air conditioning",Electricity + heater; serving hatch and counter to specify,Counter height; hatch/shutter type,,,
P0,Ticket & Information Kiosks,/solutions/ticket-information-kiosks,none — new page,Insulated Panel Cabin,insulated-panel-cabin,260x260,2.6,2.6,2.35,6.76,4890,no,Configured to order,"Electricity (1 light + 2 double sockets, or custom); Heater (2kW); Air conditioning",Electricity + heater; serving hatch and counter to specify,Counter height; hatch/shutter type,,,
P0,Car Park & Valet Kiosks,/solutions/car-park-kiosks,Car Park Kiosk (live — keep),Insulated Panel Cabin,insulated-panel-cabin,110x110,1.1,1.1,2.35,1.21,2290,no,Suitable now,"Electricity (1 light + 2 double sockets, or custom); Heater (2kW); Air conditioning",Electricity + heater; AC on 2.10m and above,Approach sightline; key-store/cabinet option,,,
P0,Car Park & Valet Kiosks,/solutions/car-park-kiosks,Car Park Kiosk (live — keep),Insulated Panel Cabin,insulated-panel-cabin,135x135,1.35,1.35,2.35,1.82,2690,no,Suitable now,"Electricity (1 light + 2 double sockets, or custom); Heater (2kW); Air conditioning",Electricity + heater; AC on 2.10m and above,Approach sightline; key-store/cabinet option,,,
P0,Car Park & Valet Kiosks,/solutions/car-park-kiosks,Car Park Kiosk (live — keep),Insulated Panel Cabin,insulated-panel-cabin,135x210,1.35,2.1,2.35,2.84,3690,yes,Suitable now,"Electricity (1 light + 2 double sockets, or custom); Heater (2kW); Air conditioning",Electricity + heater; AC on 2.10m and above,Approach sightline; key-store/cabinet option,,,
P0,Car Park & Valet Kiosks,/solutions/car-park-kiosks,Car Park Kiosk (live — keep),Insulated Panel Cabin,insulated-panel-cabin,210x210,2.1,2.1,2.35,4.41,4195,no,Suitable now,"Electricity (1 light + 2 double sockets, or custom); Heater (2kW); Air conditioning",Electricity + heater; AC on 2.10m and above,Approach sightline; key-store/cabinet option,,,
P0,Car Park & Valet Kiosks,/solutions/car-park-kiosks,Car Park Kiosk (live — keep),Insulated Panel Cabin,insulated-panel-cabin,260x260,2.6,2.6,2.35,6.76,4890,no,Suitable now,"Electricity (1 light + 2 double sockets, or custom); Heater (2kW); Air conditioning",Electricity + heater; AC on 2.10m and above,Approach sightline; key-store/cabinet option,,,
P0,Car Park & Valet Kiosks,/solutions/car-park-kiosks,Car Park Kiosk (live — keep),GRP Cabin,grp-cabin,150x150,1.5,1.5,2.4,2.25,3890,no,Suitable now,"Electricity (1 light + 2 double sockets, or custom); Heater (2kW); Air conditioning",Electricity + heater; AC on 2.15m and above,Approach sightline; key-store/cabinet option,,,
P0,Car Park & Valet Kiosks,/solutions/car-park-kiosks,Car Park Kiosk (live — keep),GRP Cabin,grp-cabin,150x215,1.5,2.15,2.4,3.22,4490,no,Suitable now,"Electricity (1 light + 2 double sockets, or custom); Heater (2kW); Air conditioning",Electricity + heater; AC on 2.15m and above,Approach sightline; key-store/cabinet option,,,
P0,Car Park & Valet Kiosks,/solutions/car-park-kiosks,Car Park Kiosk (live — keep),GRP Cabin,grp-cabin,150x270,1.5,2.7,2.4,4.05,4690,no,Suitable now,"Electricity (1 light + 2 double sockets, or custom); Heater (2kW); Air conditioning",Electricity + heater; AC on 2.15m and above,Approach sightline; key-store/cabinet option,,,
P0,Car Park & Valet Kiosks,/solutions/car-park-kiosks,Car Park Kiosk (live — keep),GRP Cabin,grp-cabin,215x270,2.15,2.7,2.4,5.8,5890,yes,Suitable now,"Electricity (1 light + 2 double sockets, or custom); Heater (2kW); Air conditioning",Electricity + heater; AC on 2.15m and above,Approach sightline; key-store/cabinet option,,,
P0,Car Park & Valet Kiosks,/solutions/car-park-kiosks,Car Park Kiosk (live — keep),GRP Cabin,grp-cabin,270x270,2.7,2.7,2.45,7.29,6390,no,Suitable now,"Electricity (1 light + 2 double sockets, or custom); Heater (2kW); Air conditioning",Electricity + heater; AC on 2.15m and above,Approach sightline; key-store/cabinet option,,,
P0,Car Park & Valet Kiosks,/solutions/car-park-kiosks,Car Park Kiosk (live — keep),MetroCity Modular Cabin,metrocity-modular-cabin,140x140,1.4,1.4,2.75,1.96,5595,no,Suitable now,"Electricity (1 light + 2 double sockets, or custom); Heater (2kW); Air conditioning",Electricity + heater + AC,Approach sightline; key-store/cabinet option,,,
P0,Car Park & Valet Kiosks,/solutions/car-park-kiosks,Car Park Kiosk (live — keep),MetroCity Modular Cabin,metrocity-modular-cabin,140x215,1.4,2.15,2.75,3.01,6490,yes,Suitable now,"Electricity (1 light + 2 double sockets, or custom); Heater (2kW); Air conditioning",Electricity + heater + AC,Approach sightline; key-store/cabinet option,,,
P0,Car Park & Valet Kiosks,/solutions/car-park-kiosks,Car Park Kiosk (live — keep),MetroCity Modular Cabin,metrocity-modular-cabin,215x215,2.15,2.15,2.75,4.62,7890,no,Suitable now,"Electricity (1 light + 2 double sockets, or custom); Heater (2kW); Air conditioning",Electricity + heater + AC,Approach sightline; key-store/cabinet option,,,
P0,Car Park & Valet Kiosks,/solutions/car-park-kiosks,Car Park Kiosk (live — keep),MetroCity Modular Cabin,metrocity-modular-cabin,215x265,2.15,2.65,2.75,5.7,8790,no,Suitable now,"Electricity (1 light + 2 double sockets, or custom); Heater (2kW); Air conditioning",Electricity + heater + AC,Approach sightline; key-store/cabinet option,,,
P0,Car Park & Valet Kiosks,/solutions/car-park-kiosks,Car Park Kiosk (live — keep),MetroCity Modular Cabin,metrocity-modular-cabin,265x265,2.65,2.65,2.75,7.02,9890,no,Suitable now,"Electricity (1 light + 2 double sockets, or custom); Heater (2kW); Air conditioning",Electricity + heater + AC,Approach sightline; key-store/cabinet option,,,
P0,Car Park & Valet Kiosks,/solutions/car-park-kiosks,Car Park Kiosk (live — keep),KompoCity Composite Cabin,kompocity-composite-cabin,140x140,1.4,1.4,2.75,1.96,6890,no,Suitable now,"Electricity (1 light + 2 double sockets, or custom); Heater (2kW); Air conditioning",Electricity + heater + AC,Approach sightline; key-store/cabinet option,,,
P0,Car Park & Valet Kiosks,/solutions/car-park-kiosks,Car Park Kiosk (live — keep),KompoCity Composite Cabin,kompocity-composite-cabin,140x215,1.4,2.15,2.75,3.01,7890,no,Suitable now,"Electricity (1 light + 2 double sockets, or custom); Heater (2kW); Air conditioning",Electricity + heater + AC,Approach sightline; key-store/cabinet option,,,
P0,Car Park & Valet Kiosks,/solutions/car-park-kiosks,Car Park Kiosk (live — keep),KompoCity Composite Cabin,kompocity-composite-cabin,215x215,2.15,2.15,2.75,4.62,8990,yes,Suitable now,"Electricity (1 light + 2 double sockets, or custom); Heater (2kW); Air conditioning",Electricity + heater + AC,Approach sightline; key-store/cabinet option,,,
P0,Car Park & Valet Kiosks,/solutions/car-park-kiosks,Car Park Kiosk (live — keep),KompoCity Composite Cabin,kompocity-composite-cabin,215x265,2.15,2.65,2.75,5.7,10980,no,Suitable now,"Electricity (1 light + 2 double sockets, or custom); Heater (2kW); Air conditioning",Electricity + heater + AC,Approach sightline; key-store/cabinet option,,,
P0,Car Park & Valet Kiosks,/solutions/car-park-kiosks,Car Park Kiosk (live — keep),KompoCity Composite Cabin,kompocity-composite-cabin,265x265,2.65,2.65,2.75,7.02,11980,no,Suitable now,"Electricity (1 light + 2 double sockets, or custom); Heater (2kW); Air conditioning",Electricity + heater + AC,Approach sightline; key-store/cabinet option,,,
P0,Visitor Reception & Sign-In,/solutions/visitor-reception,none — new page,MetroCity Modular Cabin,metrocity-modular-cabin,140x215,1.4,2.15,2.75,3.01,6490,yes,Suitable now,"Electricity (1 light + 2 double sockets, or custom); Heater (2kW); Air conditioning",Electricity + heater + AC,Desk/worktop spec; accessible counter height if public-facing,,,
P0,Visitor Reception & Sign-In,/solutions/visitor-reception,none — new page,MetroCity Modular Cabin,metrocity-modular-cabin,215x215,2.15,2.15,2.75,4.62,7890,no,Suitable now,"Electricity (1 light + 2 double sockets, or custom); Heater (2kW); Air conditioning",Electricity + heater + AC,Desk/worktop spec; accessible counter height if public-facing,,,
P0,Visitor Reception & Sign-In,/solutions/visitor-reception,none — new page,MetroCity Modular Cabin,metrocity-modular-cabin,215x265,2.15,2.65,2.75,5.7,8790,no,Suitable now,"Electricity (1 light + 2 double sockets, or custom); Heater (2kW); Air conditioning",Electricity + heater + AC,Desk/worktop spec; accessible counter height if public-facing,,,
P0,Visitor Reception & Sign-In,/solutions/visitor-reception,none — new page,MetroCity Modular Cabin,metrocity-modular-cabin,265x265,2.65,2.65,2.75,7.02,9890,no,Suitable now,"Electricity (1 light + 2 double sockets, or custom); Heater (2kW); Air conditioning",Electricity + heater + AC,Desk/worktop spec; accessible counter height if public-facing,,,
P0,Visitor Reception & Sign-In,/solutions/visitor-reception,none — new page,KompoCity Composite Cabin,kompocity-composite-cabin,140x215,1.4,2.15,2.75,3.01,7890,no,Suitable now,"Electricity (1 light + 2 double sockets, or custom); Heater (2kW); Air conditioning",Electricity + heater + AC,Desk/worktop spec; cladding to match building,,,
P0,Visitor Reception & Sign-In,/solutions/visitor-reception,none — new page,KompoCity Composite Cabin,kompocity-composite-cabin,215x215,2.15,2.15,2.75,4.62,8990,yes,Suitable now,"Electricity (1 light + 2 double sockets, or custom); Heater (2kW); Air conditioning",Electricity + heater + AC,Desk/worktop spec; cladding to match building,,,
P0,Visitor Reception & Sign-In,/solutions/visitor-reception,none — new page,KompoCity Composite Cabin,kompocity-composite-cabin,215x265,2.15,2.65,2.75,5.7,10980,no,Suitable now,"Electricity (1 light + 2 double sockets, or custom); Heater (2kW); Air conditioning",Electricity + heater + AC,Desk/worktop spec; cladding to match building,,,
P0,Visitor Reception & Sign-In,/solutions/visitor-reception,none — new page,KompoCity Composite Cabin,kompocity-composite-cabin,265x265,2.65,2.65,2.75,7.02,11980,no,Suitable now,"Electricity (1 light + 2 double sockets, or custom); Heater (2kW); Air conditioning",Electricity + heater + AC,Desk/worktop spec; cladding to match building,,,
P0,Visitor Reception & Sign-In,/solutions/visitor-reception,none — new page,Insulated Panel Cabin,insulated-panel-cabin,135x210,1.35,2.1,2.35,2.84,3690,yes,Suitable now,"Electricity (1 light + 2 double sockets, or custom); Heater (2kW); Air conditioning",Electricity + heater + AC,Desk/worktop spec,,,
P0,Visitor Reception & Sign-In,/solutions/visitor-reception,none — new page,Insulated Panel Cabin,insulated-panel-cabin,210x210,2.1,2.1,2.35,4.41,4195,no,Suitable now,"Electricity (1 light + 2 double sockets, or custom); Heater (2kW); Air conditioning",Electricity + heater + AC,Desk/worktop spec,,,
P0,Visitor Reception & Sign-In,/solutions/visitor-reception,none — new page,Insulated Panel Cabin,insulated-panel-cabin,260x260,2.6,2.6,2.35,6.76,4890,no,Suitable now,"Electricity (1 light + 2 double sockets, or custom); Heater (2kW); Air conditioning",Electricity + heater + AC,Desk/worktop spec,,,
P0,Retail & Food-Service Kiosks,/solutions/retail-catering-kiosks,Outdoor Retail Kiosk + Catering Kiosk (live — merge),GRP Cabin,grp-cabin,150x270,1.5,2.7,2.4,4.05,4690,no,Configured to order,"Electricity (1 light + 2 double sockets, or custom); Heater (2kW); Air conditioning","Electricity + AC; serving counter, hatch and shelving to specify",Food-safe surfaces; hand-wash provision; extraction; water and waste route,,,
P0,Retail & Food-Service Kiosks,/solutions/retail-catering-kiosks,Outdoor Retail Kiosk + Catering Kiosk (live — merge),GRP Cabin,grp-cabin,215x270,2.15,2.7,2.4,5.8,5890,yes,Configured to order,"Electricity (1 light + 2 double sockets, or custom); Heater (2kW); Air conditioning","Electricity + AC; serving counter, hatch and shelving to specify",Food-safe surfaces; hand-wash provision; extraction; water and waste route,,,
P0,Retail & Food-Service Kiosks,/solutions/retail-catering-kiosks,Outdoor Retail Kiosk + Catering Kiosk (live — merge),GRP Cabin,grp-cabin,270x270,2.7,2.7,2.45,7.29,6390,no,Configured to order,"Electricity (1 light + 2 double sockets, or custom); Heater (2kW); Air conditioning","Electricity + AC; serving counter, hatch and shelving to specify",Food-safe surfaces; hand-wash provision; extraction; water and waste route,,,
P0,Retail & Food-Service Kiosks,/solutions/retail-catering-kiosks,Outdoor Retail Kiosk + Catering Kiosk (live — merge),KompoCity Composite Cabin,kompocity-composite-cabin,215x215,2.15,2.15,2.75,4.62,8990,yes,Configured to order,"Electricity (1 light + 2 double sockets, or custom); Heater (2kW); Air conditioning","Electricity + AC; serving counter, hatch and shelving to specify",Food-safe surfaces; hand-wash provision; extraction; water and waste route,,,
P0,Retail & Food-Service Kiosks,/solutions/retail-catering-kiosks,Outdoor Retail Kiosk + Catering Kiosk (live — merge),KompoCity Composite Cabin,kompocity-composite-cabin,215x265,2.15,2.65,2.75,5.7,10980,no,Configured to order,"Electricity (1 light + 2 double sockets, or custom); Heater (2kW); Air conditioning","Electricity + AC; serving counter, hatch and shelving to specify",Food-safe surfaces; hand-wash provision; extraction; water and waste route,,,
P0,Retail & Food-Service Kiosks,/solutions/retail-catering-kiosks,Outdoor Retail Kiosk + Catering Kiosk (live — merge),KompoCity Composite Cabin,kompocity-composite-cabin,265x265,2.65,2.65,2.75,7.02,11980,no,Configured to order,"Electricity (1 light + 2 double sockets, or custom); Heater (2kW); Air conditioning","Electricity + AC; serving counter, hatch and shelving to specify",Food-safe surfaces; hand-wash provision; extraction; water and waste route,,,
P0,Retail & Food-Service Kiosks,/solutions/retail-catering-kiosks,Outdoor Retail Kiosk + Catering Kiosk (live — merge),MetroCity Modular Cabin,metrocity-modular-cabin,215x215,2.15,2.15,2.75,4.62,7890,no,Configured to order,"Electricity (1 light + 2 double sockets, or custom); Heater (2kW); Air conditioning","Electricity + AC; serving counter, hatch and shelving to specify",Food-safe surfaces; hand-wash provision; extraction; water and waste route,,,
P0,Retail & Food-Service Kiosks,/solutions/retail-catering-kiosks,Outdoor Retail Kiosk + Catering Kiosk (live — merge),MetroCity Modular Cabin,metrocity-modular-cabin,215x265,2.15,2.65,2.75,5.7,8790,no,Configured to order,"Electricity (1 light + 2 double sockets, or custom); Heater (2kW); Air conditioning","Electricity + AC; serving counter, hatch and shelving to specify",Food-safe surfaces; hand-wash provision; extraction; water and waste route,,,
P0,Retail & Food-Service Kiosks,/solutions/retail-catering-kiosks,Outdoor Retail Kiosk + Catering Kiosk (live — merge),MetroCity Modular Cabin,metrocity-modular-cabin,265x265,2.65,2.65,2.75,7.02,9890,no,Configured to order,"Electricity (1 light + 2 double sockets, or custom); Heater (2kW); Air conditioning","Electricity + AC; serving counter, hatch and shelving to specify",Food-safe surfaces; hand-wash provision; extraction; water and waste route,,,
P1,High-Security & Ballistic Cabins,/solutions/high-security-cabins,none — new page,Bulletproof Security Cabin,bulletproof-security-cabin,150x150,1.5,1.5,3,2.25,39900,no,Specialist project,"Electricity (1 light + 2 double sockets, or custom); Heater (2kW); Air conditioning","Electricity + heater + AC; protection level, glazing and door set per project","Ballistic certificate and tested standard (EN 1522/1063, NIJ 0108.01 or UL 752); threat level; glazing/door/wall scope; foundation loading",,,
P1,High-Security & Ballistic Cabins,/solutions/high-security-cabins,none — new page,Bulletproof Security Cabin,bulletproof-security-cabin,150x200,1.5,2,3,3.0,47900,no,Specialist project,"Electricity (1 light + 2 double sockets, or custom); Heater (2kW); Air conditioning","Electricity + heater + AC; protection level, glazing and door set per project","Ballistic certificate and tested standard (EN 1522/1063, NIJ 0108.01 or UL 752); threat level; glazing/door/wall scope; foundation loading",,,
P1,High-Security & Ballistic Cabins,/solutions/high-security-cabins,none — new page,Bulletproof Security Cabin,bulletproof-security-cabin,200x200,2,2,3,4,54900,no,Specialist project,"Electricity (1 light + 2 double sockets, or custom); Heater (2kW); Air conditioning","Electricity + heater + AC; protection level, glazing and door set per project","Ballistic certificate and tested standard (EN 1522/1063, NIJ 0108.01 or UL 752); threat level; glazing/door/wall scope; foundation loading",,,
P1,High-Security & Ballistic Cabins,/solutions/high-security-cabins,none — new page,Bulletproof Security Cabin,bulletproof-security-cabin,200x300,2,3,3,6,59900,yes,Specialist project,"Electricity (1 light + 2 double sockets, or custom); Heater (2kW); Air conditioning","Electricity + heater + AC; protection level, glazing and door set per project","Ballistic certificate and tested standard (EN 1522/1063, NIJ 0108.01 or UL 752); threat level; glazing/door/wall scope; foundation loading",,,
P1,High-Security & Ballistic Cabins,/solutions/high-security-cabins,none — new page,Bulletproof Security Cabin,bulletproof-security-cabin,200x400,2,4,3,8,67900,no,Specialist project,"Electricity (1 light + 2 double sockets, or custom); Heater (2kW); Air conditioning","Electricity + heater + AC; protection level, glazing and door set per project","Ballistic certificate and tested standard (EN 1522/1063, NIJ 0108.01 or UL 752); threat level; glazing/door/wall scope; foundation loading",,,
P1,High-Security & Ballistic Cabins,/solutions/high-security-cabins,none — new page,Bulletproof Security Cabin,bulletproof-security-cabin,300x300,3,3,3,9,69900,no,Specialist project,"Electricity (1 light + 2 double sockets, or custom); Heater (2kW); Air conditioning","Electricity + heater + AC; protection level, glazing and door set per project","Ballistic certificate and tested standard (EN 1522/1063, NIJ 0108.01 or UL 752); threat level; glazing/door/wall scope; foundation loading",,,
P1,High-Security & Ballistic Cabins,/solutions/high-security-cabins,none — new page,Bulletproof Security Cabin,bulletproof-security-cabin,300x400,3,4,3,12,78900,no,Specialist project,"Electricity (1 light + 2 double sockets, or custom); Heater (2kW); Air conditioning","Electricity + heater + AC; protection level, glazing and door set per project","Ballistic certificate and tested standard (EN 1522/1063, NIJ 0108.01 or UL 752); threat level; glazing/door/wall scope; foundation loading",,,
P1,High-Security & Ballistic Cabins,/solutions/high-security-cabins,none — new page,Bulletproof Security Cabin,bulletproof-security-cabin,300x500,3,5,3,15,84900,no,Specialist project,"Electricity (1 light + 2 double sockets, or custom); Heater (2kW); Air conditioning","Electricity + heater + AC; protection level, glazing and door set per project","Ballistic certificate and tested standard (EN 1522/1063, NIJ 0108.01 or UL 752); threat level; glazing/door/wall scope; foundation loading",,,
P1,Canteens & Break Rooms,/solutions/canteens-break-rooms,none — new page,Portable Cabin,k1002-portable-cabin,300x500,3,5,,15,5090,no,Configured to order,"Electricity (1 or 2 light/socket layouts, or custom); Heater (2kW); Air conditioning; WC sanitation pack; Kitchenette",Kitchenette + electricity (2 light / 4 socket) + heater + AC,Seating capacity per size; table/bench layout; water supply and waste route; hand-wash separation,,,
P1,Canteens & Break Rooms,/solutions/canteens-break-rooms,none — new page,Portable Cabin,k1002-portable-cabin,300x600,3,6,,18,5490,no,Configured to order,"Electricity (1 or 2 light/socket layouts, or custom); Heater (2kW); Air conditioning; WC sanitation pack; Kitchenette",Kitchenette + electricity (2 light / 4 socket) + heater + AC,Seating capacity per size; table/bench layout; water supply and waste route; hand-wash separation,,,
P1,Canteens & Break Rooms,/solutions/canteens-break-rooms,none — new page,Portable Cabin,k1002-portable-cabin,300x700,3,7,,21,5790,yes,Configured to order,"Electricity (1 or 2 light/socket layouts, or custom); Heater (2kW); Air conditioning; WC sanitation pack; Kitchenette",Kitchenette + electricity (2 light / 4 socket) + heater + AC,Seating capacity per size; table/bench layout; water supply and waste route; hand-wash separation,,,
P1,Canteens & Break Rooms,/solutions/canteens-break-rooms,none — new page,Portable Cabin,k1002-portable-cabin,230x600,2.3,6,,13.8,4290,no,Configured to order,"Electricity (1 or 2 light/socket layouts, or custom); Heater (2kW); Air conditioning; WC sanitation pack; Kitchenette",Kitchenette + electricity + heater + AC,As above; 2.30m width is narrow for a seated canteen — confirm usable layout,,,
P1,Welfare & WC Units,/solutions/welfare-wc-units,none — new page,Portable Cabin,k1002-portable-cabin,230x600,2.3,6,,13.8,4290,no,Configured to order,"Electricity (1 or 2 light/socket layouts, or custom); Heater (2kW); Air conditioning; WC sanitation pack; Kitchenette",WC sanitation pack + kitchenette + electricity + heater,"HSE-complete welfare layout for stated crew size (toilets, washing, changing, eating, rest); water, waste and final-connection responsibility",,,
P1,Welfare & WC Units,/solutions/welfare-wc-units,none — new page,Portable Cabin,k1002-portable-cabin,300x500,3,5,,15,5090,no,Configured to order,"Electricity (1 or 2 light/socket layouts, or custom); Heater (2kW); Air conditioning; WC sanitation pack; Kitchenette",WC sanitation pack + kitchenette + electricity + heater,"HSE-complete welfare layout for stated crew size (toilets, washing, changing, eating, rest); water, waste and final-connection responsibility",,,
P1,Welfare & WC Units,/solutions/welfare-wc-units,none — new page,Portable Cabin,k1002-portable-cabin,300x600,3,6,,18,5490,no,Configured to order,"Electricity (1 or 2 light/socket layouts, or custom); Heater (2kW); Air conditioning; WC sanitation pack; Kitchenette",WC sanitation pack + kitchenette + electricity + heater,"HSE-complete welfare layout for stated crew size (toilets, washing, changing, eating, rest); water, waste and final-connection responsibility",,,
P1,Welfare & WC Units,/solutions/welfare-wc-units,none — new page,Portable Cabin,k1002-portable-cabin,300x700,3,7,,21,5790,yes,Configured to order,"Electricity (1 or 2 light/socket layouts, or custom); Heater (2kW); Air conditioning; WC sanitation pack; Kitchenette",WC sanitation pack + kitchenette + electricity + heater,"HSE-complete welfare layout for stated crew size (toilets, washing, changing, eating, rest); water, waste and final-connection responsibility",,,
P1,Storage Units & Site Stores,/solutions/storage-units,none — new page,Portable Cabin,k1002-portable-cabin,230x600,2.3,6,,13.8,4290,no,Suitable now,"Electricity (1 or 2 light/socket layouts, or custom); Heater (2kW); Air conditioning; WC sanitation pack; Kitchenette",Plain shell; electricity optional,Lock specification and security rating; door type and width; shelving options; whether windows can be omitted,,,
P1,Storage Units & Site Stores,/solutions/storage-units,none — new page,Portable Cabin,k1002-portable-cabin,300x500,3,5,,15,5090,no,Suitable now,"Electricity (1 or 2 light/socket layouts, or custom); Heater (2kW); Air conditioning; WC sanitation pack; Kitchenette",Plain shell; electricity optional,Lock specification and security rating; door type and width; shelving options; whether windows can be omitted,,,
P1,Storage Units & Site Stores,/solutions/storage-units,none — new page,Portable Cabin,k1002-portable-cabin,300x600,3,6,,18,5490,no,Suitable now,"Electricity (1 or 2 light/socket layouts, or custom); Heater (2kW); Air conditioning; WC sanitation pack; Kitchenette",Plain shell; electricity optional,Lock specification and security rating; door type and width; shelving options; whether windows can be omitted,,,
P1,Storage Units & Site Stores,/solutions/storage-units,none — new page,Portable Cabin,k1002-portable-cabin,300x700,3,7,,21,5790,yes,Suitable now,"Electricity (1 or 2 light/socket layouts, or custom); Heater (2kW); Air conditioning; WC sanitation pack; Kitchenette",Plain shell; electricity optional,Lock specification and security rating; door type and width; shelving options; whether windows can be omitted,,,
Hold,Temporary Classrooms,/solutions/classrooms,Temporary Classroom (live — review or retire),,,,,,,,,,Do not publish yet,,,"No education-proven product. Needs occupancy, fire, ventilation, acoustic, accessibility and sanitation evidence. 58.9% of the 56-company sample markets education, but all credible sellers publish compliance data Karmod does not hold.",,,
Hold,Farm Workers Accommodation,/solutions/farm-workers-accommodation,Farm Workers Accommodation (live — review or retire),,,,,,,,,,Do not publish yet,,,"No habitable/sleeping layout in the catalogue. Needs sleeping-density, fire, energy and sanitary evidence plus licensing position for worker accommodation.",,,
Hold,Portable Homes,/solutions/portable-homes,Portable Home (live — review or retire),,,,,,,,,,Do not publish yet,,,"No residential specification in the catalogue. Needs habitable layout, thermal/energy performance, fire strategy and a planning position.",,,
Hold,Garden Rooms & Garden Offices,/solutions/garden-rooms,none — do not launch yet,,,,,,,,,,Do not publish yet,,,"Lowest adoption in the sample (35.7%) and served by a disjoint specialist segment. Needs domestic finish, glazing, base, warranty and a planning service — a separate proposition, not a cabin variant.",,,
Hold,Healthcare & Consultation Rooms,/solutions/healthcare-buildings,none — do not launch yet,,,,,,,,,,Do not publish yet,,,"No clinical specification in the catalogue. Needs hygiene, clinical services, accessibility and compliance evidence before any page is published.",,,
