Site Offices,Security Gatehouses & Access Control,"Ticket, Information & Service Kiosks",Canteens & Break Rooms,Welfare & WC Units,Storage Units & Site Stores,High-Security Cabins,Visitor Reception & Sign-in,"Car Park, Valet & Weighbridge Cabins",Retail & Food-Service Kiosks,Events & Venue Operations,Garden Rooms & Garden Offices,Classrooms & Education Rooms,Healthcare & Consultation Rooms,Accommodation Units
Portable Cabin > 2.30 × 6.00m,GRP Cabin > 1.50 × 1.50m,GRP Cabin > 1.50 × 1.50m,Portable Cabin > 2.30 × 6.00m,Portable Cabin > 2.30 × 6.00m,Portable Cabin > 2.30 × 6.00m,Bulletproof Security Cabin > 1.50 × 1.50m,Insulated Panel Cabin > 1.10 × 1.10m,GRP Cabin > 1.50 × 1.50m,GRP Cabin > 1.50 × 2.15m,GRP Cabin > 1.50 × 1.50m,MetroCity Modular Cabin > 2.15 × 2.65m,Portable Cabin > 3.00 × 5.00m,Portable Cabin > 3.00 × 5.00m,Portable Cabin > 2.30 × 6.00m
Portable Cabin > 3.00 × 5.00m,GRP Cabin > 1.50 × 2.15m,GRP Cabin > 1.50 × 2.15m,Portable Cabin > 3.00 × 5.00m,Portable Cabin > 3.00 × 5.00m,Portable Cabin > 3.00 × 5.00m,Bulletproof Security Cabin > 1.50 × 2.00m,Insulated Panel Cabin > 1.35 × 1.35m,GRP Cabin > 1.50 × 2.15m,GRP Cabin > 1.50 × 2.70m,GRP Cabin > 1.50 × 2.15m,MetroCity Modular Cabin > 2.65 × 2.65m,Portable Cabin > 3.00 × 6.00m,Portable Cabin > 3.00 × 6.00m,Portable Cabin > 3.00 × 5.00m
Portable Cabin > 3.00 × 6.00m,GRP Cabin > 1.50 × 2.70m,GRP Cabin > 1.50 × 2.70m,Portable Cabin > 3.00 × 6.00m,Portable Cabin > 3.00 × 6.00m,Portable Cabin > 3.00 × 6.00m,Bulletproof Security Cabin > 2.00 × 2.00m,Insulated Panel Cabin > 1.35 × 2.10m,GRP Cabin > 1.50 × 2.70m,GRP Cabin > 2.15 × 2.70m,GRP Cabin > 1.50 × 2.70m,KompoCity Composite Cabin > 2.15 × 2.65m,Portable Cabin > 3.00 × 7.00m,Portable Cabin > 3.00 × 7.00m,Portable Cabin > 3.00 × 6.00m
Portable Cabin > 3.00 × 7.00m,GRP Cabin > 2.15 × 2.70m,GRP Cabin > 2.15 × 2.70m,Portable Cabin > 3.00 × 7.00m,Portable Cabin > 3.00 × 7.00m,Portable Cabin > 3.00 × 7.00m,Bulletproof Security Cabin > 2.00 × 3.00m,Insulated Panel Cabin > 2.10 × 2.10m,GRP Cabin > 2.15 × 2.70m,GRP Cabin > 2.70 × 2.70m,GRP Cabin > 2.15 × 2.70m,KompoCity Composite Cabin > 2.65 × 2.65m,,,Portable Cabin > 3.00 × 7.00m
GRP Cabin > 1.50 × 2.70m,GRP Cabin > 2.70 × 2.70m,GRP Cabin > 2.70 × 2.70m,,,,Bulletproof Security Cabin > 2.00 × 4.00m,Insulated Panel Cabin > 2.60 × 2.60m,GRP Cabin > 2.70 × 2.70m,MetroCity Modular Cabin > 1.40 × 2.15m,GRP Cabin > 2.70 × 2.70m,Portable Cabin > 3.00 × 5.00m,,,
GRP Cabin > 2.15 × 2.70m,Insulated Panel Cabin > 1.10 × 1.10m,MetroCity Modular Cabin > 1.40 × 1.40m,,,,Bulletproof Security Cabin > 3.00 × 3.00m,MetroCity Modular Cabin > 1.40 × 1.40m,Insulated Panel Cabin > 1.10 × 1.10m,MetroCity Modular Cabin > 2.15 × 2.15m,Insulated Panel Cabin > 1.10 × 1.10m,Portable Cabin > 3.00 × 6.00m,,,
GRP Cabin > 2.70 × 2.70m,Insulated Panel Cabin > 1.35 × 1.35m,MetroCity Modular Cabin > 1.40 × 2.15m,,,,Bulletproof Security Cabin > 3.00 × 4.00m,MetroCity Modular Cabin > 1.40 × 2.15m,Insulated Panel Cabin > 1.35 × 1.35m,MetroCity Modular Cabin > 2.15 × 2.65m,Insulated Panel Cabin > 1.35 × 1.35m,Portable Cabin > 3.00 × 7.00m,,,
Insulated Panel Cabin > 1.35 × 2.10m,Insulated Panel Cabin > 1.35 × 2.10m,MetroCity Modular Cabin > 2.15 × 2.15m,,,,Bulletproof Security Cabin > 3.00 × 5.00m,MetroCity Modular Cabin > 2.15 × 2.15m,Insulated Panel Cabin > 1.35 × 2.10m,MetroCity Modular Cabin > 2.65 × 2.65m,Insulated Panel Cabin > 1.35 × 2.10m,,,,
Insulated Panel Cabin > 2.10 × 2.10m,Insulated Panel Cabin > 2.10 × 2.10m,MetroCity Modular Cabin > 2.15 × 2.65m,,,,,MetroCity Modular Cabin > 2.15 × 2.65m,Insulated Panel Cabin > 2.10 × 2.10m,KompoCity Composite Cabin > 1.40 × 2.15m,Insulated Panel Cabin > 2.10 × 2.10m,,,,
Insulated Panel Cabin > 2.60 × 2.60m,Insulated Panel Cabin > 2.60 × 2.60m,MetroCity Modular Cabin > 2.65 × 2.65m,,,,,MetroCity Modular Cabin > 2.65 × 2.65m,Insulated Panel Cabin > 2.60 × 2.60m,KompoCity Composite Cabin > 2.15 × 2.15m,Insulated Panel Cabin > 2.60 × 2.60m,,,,
MetroCity Modular Cabin > 2.15 × 2.15m,MetroCity Modular Cabin > 1.40 × 1.40m,KompoCity Composite Cabin > 1.40 × 1.40m,,,,,KompoCity Composite Cabin > 1.40 × 1.40m,MetroCity Modular Cabin > 1.40 × 1.40m,KompoCity Composite Cabin > 2.15 × 2.65m,MetroCity Modular Cabin > 1.40 × 1.40m,,,,
MetroCity Modular Cabin > 2.15 × 2.65m,MetroCity Modular Cabin > 1.40 × 2.15m,KompoCity Composite Cabin > 1.40 × 2.15m,,,,,KompoCity Composite Cabin > 1.40 × 2.15m,MetroCity Modular Cabin > 1.40 × 2.15m,KompoCity Composite Cabin > 2.65 × 2.65m,MetroCity Modular Cabin > 1.40 × 2.15m,,,,
MetroCity Modular Cabin > 2.65 × 2.65m,MetroCity Modular Cabin > 2.15 × 2.15m,KompoCity Composite Cabin > 2.15 × 2.15m,,,,,KompoCity Composite Cabin > 2.15 × 2.15m,MetroCity Modular Cabin > 2.15 × 2.15m,Portable Cabin > 2.30 × 6.00m,MetroCity Modular Cabin > 2.15 × 2.15m,,,,
KompoCity Composite Cabin > 2.15 × 2.15m,MetroCity Modular Cabin > 2.15 × 2.65m,KompoCity Composite Cabin > 2.15 × 2.65m,,,,,KompoCity Composite Cabin > 2.15 × 2.65m,MetroCity Modular Cabin > 2.15 × 2.65m,Portable Cabin > 3.00 × 5.00m,MetroCity Modular Cabin > 2.15 × 2.65m,,,,
KompoCity Composite Cabin > 2.15 × 2.65m,MetroCity Modular Cabin > 2.65 × 2.65m,KompoCity Composite Cabin > 2.65 × 2.65m,,,,,KompoCity Composite Cabin > 2.65 × 2.65m,MetroCity Modular Cabin > 2.65 × 2.65m,Portable Cabin > 3.00 × 6.00m,MetroCity Modular Cabin > 2.65 × 2.65m,,,,
KompoCity Composite Cabin > 2.65 × 2.65m,KompoCity Composite Cabin > 1.40 × 1.40m,,,,,,Portable Cabin > 2.30 × 6.00m,KompoCity Composite Cabin > 1.40 × 1.40m,Portable Cabin > 3.00 × 7.00m,KompoCity Composite Cabin > 1.40 × 1.40m,,,,
,KompoCity Composite Cabin > 1.40 × 2.15m,,,,,,Portable Cabin > 3.00 × 5.00m,KompoCity Composite Cabin > 1.40 × 2.15m,,KompoCity Composite Cabin > 1.40 × 2.15m,,,,
,KompoCity Composite Cabin > 2.15 × 2.15m,,,,,,Portable Cabin > 3.00 × 6.00m,KompoCity Composite Cabin > 2.15 × 2.15m,,KompoCity Composite Cabin > 2.15 × 2.15m,,,,
,KompoCity Composite Cabin > 2.15 × 2.65m,,,,,,Portable Cabin > 3.00 × 7.00m,KompoCity Composite Cabin > 2.15 × 2.65m,,KompoCity Composite Cabin > 2.15 × 2.65m,,,,
,KompoCity Composite Cabin > 2.65 × 2.65m,,,,,,,KompoCity Composite Cabin > 2.65 × 2.65m,,KompoCity Composite Cabin > 2.65 × 2.65m,,,,
,Bulletproof Security Cabin > 1.50 × 1.50m,,,,,,,,,Bulletproof Security Cabin > 1.50 × 1.50m,,,,
,Bulletproof Security Cabin > 1.50 × 2.00m,,,,,,,,,Bulletproof Security Cabin > 1.50 × 2.00m,,,,
,Bulletproof Security Cabin > 2.00 × 2.00m,,,,,,,,,Bulletproof Security Cabin > 2.00 × 2.00m,,,,
,Bulletproof Security Cabin > 2.00 × 3.00m,,,,,,,,,Bulletproof Security Cabin > 2.00 × 3.00m,,,,
,Bulletproof Security Cabin > 2.00 × 4.00m,,,,,,,,,Bulletproof Security Cabin > 2.00 × 4.00m,,,,
,Bulletproof Security Cabin > 3.00 × 3.00m,,,,,,,,,Bulletproof Security Cabin > 3.00 × 3.00m,,,,
,Bulletproof Security Cabin > 3.00 × 4.00m,,,,,,,,,Bulletproof Security Cabin > 3.00 × 4.00m,,,,
,Bulletproof Security Cabin > 3.00 × 5.00m,,,,,,,,,Bulletproof Security Cabin > 3.00 × 5.00m,,,,
,,,,,,,,,,Portable Cabin > 2.30 × 6.00m,,,,
,,,,,,,,,,Portable Cabin > 3.00 × 5.00m,,,,
,,,,,,,,,,Portable Cabin > 3.00 × 6.00m,,,,
,,,,,,,,,,Portable Cabin > 3.00 × 7.00m,,,,
