P0 - Security Gatehouses & Access Control,P0 - Site Offices,P0 - Ticket & Information Kiosks,P0 - Car Park & Valet Kiosks,P0 - Visitor Reception & Sign-In,P0 - Retail & Food-Service Kiosks,P1 - High-Security & Ballistic Cabins,P1 - Canteens & Break Rooms,P1 - Welfare & WC Units,P1 - Storage Units & Site Stores,P2 - Temporary Classrooms,P2 - Farm Workers Accommodation,P2 - Portable Homes,P2 - Garden Rooms & Garden Offices,P2 - Healthcare & Consultation Rooms
Insulated Panel Cabin > 1.10 x 1.10 m,Portable Cabin > 2.30 x 6.00 m,GRP Cabin > 1.50 x 2.15 m,Insulated Panel Cabin > 1.10 x 1.10 m,MetroCity Modular Cabin > 1.40 x 2.15 m,GRP Cabin > 1.50 x 2.70 m,Bulletproof Security Cabin > 1.50 x 1.50 m,Portable Cabin > 3.00 x 5.00 m,Portable Cabin > 2.30 x 6.00 m,Portable Cabin > 2.30 x 6.00 m,"NO COMPATIBLE PRODUCT - Needs an education-ready product: occupancy, fire, ventilation, acoustic and accessibility data","NO COMPATIBLE PRODUCT - Needs a habitable sleeping layout: fire, energy, sanitary provision and licensing position","NO COMPATIBLE PRODUCT - Needs a residential specification: habitable layout, thermal performance, fire strategy, planning position","NO COMPATIBLE PRODUCT - Needs a separate domestic product: finish, glazing, base, warranty and planning service","NO COMPATIBLE PRODUCT - Needs a clinical specification: hygiene, services, accessibility and compliance evidence"
Insulated Panel Cabin > 1.35 x 1.35 m,Portable Cabin > 3.00 x 5.00 m,GRP Cabin > 1.50 x 2.70 m,Insulated Panel Cabin > 1.35 x 1.35 m,MetroCity Modular Cabin > 2.15 x 2.15 m,GRP Cabin > 2.15 x 2.70 m,Bulletproof Security Cabin > 1.50 x 2.00 m,Portable Cabin > 3.00 x 6.00 m,Portable Cabin > 3.00 x 5.00 m,Portable Cabin > 3.00 x 5.00 m,,,,,
Insulated Panel Cabin > 1.35 x 2.10 m,Portable Cabin > 3.00 x 6.00 m,GRP Cabin > 2.15 x 2.70 m,Insulated Panel Cabin > 1.35 x 2.10 m,MetroCity Modular Cabin > 2.15 x 2.65 m,GRP Cabin > 2.70 x 2.70 m,Bulletproof Security Cabin > 2.00 x 2.00 m,Portable Cabin > 3.00 x 7.00 m,Portable Cabin > 3.00 x 6.00 m,Portable Cabin > 3.00 x 6.00 m,,,,,
Insulated Panel Cabin > 2.10 x 2.10 m,Portable Cabin > 3.00 x 7.00 m,GRP Cabin > 2.70 x 2.70 m,Insulated Panel Cabin > 2.10 x 2.10 m,MetroCity Modular Cabin > 2.65 x 2.65 m,KompoCity Composite Cabin > 2.15 x 2.15 m,Bulletproof Security Cabin > 2.00 x 3.00 m,Portable Cabin > 2.30 x 6.00 m,Portable Cabin > 3.00 x 7.00 m,Portable Cabin > 3.00 x 7.00 m,,,,,
Insulated Panel Cabin > 2.60 x 2.60 m,GRP Cabin > 2.15 x 2.70 m,MetroCity Modular Cabin > 1.40 x 2.15 m,Insulated Panel Cabin > 2.60 x 2.60 m,KompoCity Composite Cabin > 1.40 x 2.15 m,KompoCity Composite Cabin > 2.15 x 2.65 m,Bulletproof Security Cabin > 2.00 x 4.00 m,,,,,,,,
GRP Cabin > 1.50 x 1.50 m,GRP Cabin > 2.70 x 2.70 m,MetroCity Modular Cabin > 2.15 x 2.15 m,GRP Cabin > 1.50 x 1.50 m,KompoCity Composite Cabin > 2.15 x 2.15 m,KompoCity Composite Cabin > 2.65 x 2.65 m,Bulletproof Security Cabin > 3.00 x 3.00 m,,,,,,,,
GRP Cabin > 1.50 x 2.15 m,Insulated Panel Cabin > 2.10 x 2.10 m,MetroCity Modular Cabin > 2.15 x 2.65 m,GRP Cabin > 1.50 x 2.15 m,KompoCity Composite Cabin > 2.15 x 2.65 m,MetroCity Modular Cabin > 2.15 x 2.15 m,Bulletproof Security Cabin > 3.00 x 4.00 m,,,,,,,,
GRP Cabin > 1.50 x 2.70 m,Insulated Panel Cabin > 2.60 x 2.60 m,MetroCity Modular Cabin > 2.65 x 2.65 m,GRP Cabin > 1.50 x 2.70 m,KompoCity Composite Cabin > 2.65 x 2.65 m,MetroCity Modular Cabin > 2.15 x 2.65 m,Bulletproof Security Cabin > 3.00 x 5.00 m,,,,,,,,
GRP Cabin > 2.15 x 2.70 m,MetroCity Modular Cabin > 2.15 x 2.65 m,KompoCity Composite Cabin > 1.40 x 2.15 m,GRP Cabin > 2.15 x 2.70 m,Insulated Panel Cabin > 1.35 x 2.10 m,MetroCity Modular Cabin > 2.65 x 2.65 m,,,,,,,,,
GRP Cabin > 2.70 x 2.70 m,MetroCity Modular Cabin > 2.65 x 2.65 m,KompoCity Composite Cabin > 2.15 x 2.15 m,GRP Cabin > 2.70 x 2.70 m,Insulated Panel Cabin > 2.10 x 2.10 m,,,,,,,,,,
MetroCity Modular Cabin > 1.40 x 1.40 m,KompoCity Composite Cabin > 2.15 x 2.65 m,KompoCity Composite Cabin > 2.15 x 2.65 m,MetroCity Modular Cabin > 1.40 x 1.40 m,Insulated Panel Cabin > 2.60 x 2.60 m,,,,,,,,,,
MetroCity Modular Cabin > 1.40 x 2.15 m,KompoCity Composite Cabin > 2.65 x 2.65 m,KompoCity Composite Cabin > 2.65 x 2.65 m,MetroCity Modular Cabin > 1.40 x 2.15 m,,,,,,,,,,,
MetroCity Modular Cabin > 2.15 x 2.15 m,,Insulated Panel Cabin > 1.35 x 2.10 m,MetroCity Modular Cabin > 2.15 x 2.15 m,,,,,,,,,,,
MetroCity Modular Cabin > 2.15 x 2.65 m,,Insulated Panel Cabin > 2.10 x 2.10 m,MetroCity Modular Cabin > 2.15 x 2.65 m,,,,,,,,,,,
MetroCity Modular Cabin > 2.65 x 2.65 m,,Insulated Panel Cabin > 2.60 x 2.60 m,MetroCity Modular Cabin > 2.65 x 2.65 m,,,,,,,,,,,
KompoCity Composite Cabin > 1.40 x 1.40 m,,,KompoCity Composite Cabin > 1.40 x 1.40 m,,,,,,,,,,,
KompoCity Composite Cabin > 1.40 x 2.15 m,,,KompoCity Composite Cabin > 1.40 x 2.15 m,,,,,,,,,,,
KompoCity Composite Cabin > 2.15 x 2.15 m,,,KompoCity Composite Cabin > 2.15 x 2.15 m,,,,,,,,,,,
KompoCity Composite Cabin > 2.15 x 2.65 m,,,KompoCity Composite Cabin > 2.15 x 2.65 m,,,,,,,,,,,
KompoCity Composite Cabin > 2.65 x 2.65 m,,,KompoCity Composite Cabin > 2.65 x 2.65 m,,,,,,,,,,,
Bulletproof Security Cabin > 1.50 x 1.50 m,,,,,,,,,,,,,,
Bulletproof Security Cabin > 1.50 x 2.00 m,,,,,,,,,,,,,,
Bulletproof Security Cabin > 2.00 x 2.00 m,,,,,,,,,,,,,,
Bulletproof Security Cabin > 2.00 x 3.00 m,,,,,,,,,,,,,,
Bulletproof Security Cabin > 2.00 x 4.00 m,,,,,,,,,,,,,,
Bulletproof Security Cabin > 3.00 x 3.00 m,,,,,,,,,,,,,,
Bulletproof Security Cabin > 3.00 x 4.00 m,,,,,,,,,,,,,,
Bulletproof Security Cabin > 3.00 x 5.00 m,,,,,,,,,,,,,,
